DATE,CITY,TEMP,PRCP,WDSP
2023-01-01,Mumbai,28.0,0.0,8.0
2023-01-01,Delhi,24.5,0.0,7.8
2023-01-01,Dehradun,23.2,0.0,10.7
2023-01-01,Jodhpur,27.1,0.0,9.9
2023-01-02,Mumbai,27.5,0.0,5.4
2023-01-02,Delhi,23.0,0.0,9.2
2023-01-02,Dehradun,22.9,0.0,7.8
2023-01-02,Jodhpur,26.9,0.0,8.6
2023-01-03,Mumbai,25.8,0.0,7.6
2023-01-03,Delhi,25.0,0.0,6.3
2023-01-03,Dehradun,21.6,0.0,6.1
2023-01-03,Jodhpur,25.3,3.0,8.9
2023-01-04,Mumbai,27.4,0.2,11.2
2023-01-04,Delhi,24.8,0.0,7.6
2023-01-04,Dehradun,19.1,0.0,11.9
2023-01-04,Jodhpur,28.6,0.0,7.4
2023-01-05,Mumbai,25.6,0.0,10.2
2023-01-05,Delhi,27.1,0.0,11.4
2023-01-05,Dehradun,18.3,2.0,7.6
2023-01-05,Jodhpur,27.6,0.0,7.4
2023-01-06,Mumbai,28.7,0.0,9.2
2023-01-06,Delhi,26.9,0.0,10.8
2023-01-06,Dehradun,26.7,0.0,6.5
2023-01-06,Jodhpur,25.2,0.0,11.8
2023-01-07,Mumbai,25.9,0.0,5.8
2023-01-07,Delhi,24.6,0.0,7.3
2023-01-07,Dehradun,21.0,3.3,12.3
2023-01-07,Jodhpur,28.2,4.5,11.5
2023-01-08,Mumbai,26.5,0.0,7.5
2023-01-08,Delhi,19.7,0.0,9.3
2023-01-08,Dehradun,20.9,0.0,7.9
2023-01-08,Jodhpur,26.1,6.6,13.4
2023-01-09,Mumbai,23.2,0.0,8.3
2023-01-09,Delhi,25.1,0.0,19.6
2023-01-09,Dehradun,19.6,0.0,9.2
2023-01-09,Jodhpur,30.3,0.0,10.7
2023-01-10,Mumbai,29.8,0.0,5.9
2023-01-10,Delhi,23.0,0.0,7.1
2023-01-10,Dehradun,16.9,0.0,8.5
2023-01-10,Jodhpur,26.2,0.3,14.2
2023-01-11,Mumbai,26.3,0.0,10.0
2023-01-11,Delhi,27.7,0.0,20.1
2023-01-11,Dehradun,17.1,0.0,12.4
2023-01-11,Jodhpur,29.2,0.0,12.6
2023-01-12,Mumbai,27.5,0.0,11.0
2023-01-12,Delhi,25.3,0.0,6.1
2023-01-12,Dehradun,21.5,0.0,6.4
2023-01-12,Jodhpur,29.5,2.1,12.8
2023-01-13,Mumbai,26.5,0.0,6.7
2023-01-13,Delhi,24.8,2.0,9.3
2023-01-13,Dehradun,25.5,0.0,8.6
2023-01-13,Jodhpur,26.1,0.0,11.5
2023-01-14,Mumbai,26.8,6.6,10.6
2023-01-14,Delhi,23.3,0.8,5.8
2023-01-14,Dehradun,21.4,0.0,8.6
2023-01-14,Jodhpur,28.5,0.3,6.7
2023-01-15,Mumbai,27.7,0.0,10.0
2023-01-15,Delhi,22.2,3.3,6.5
2023-01-15,Dehradun,20.0,0.0,11.1
2023-01-15,Jodhpur,30.7,0.0,11.6
2023-01-16,Mumbai,24.7,0.0,5.8
2023-01-16,Delhi,24.9,0.0,7.1
2023-01-16,Dehradun,19.2,0.0,8.5
2023-01-16,Jodhpur,26.2,0.0,7.5
2023-01-17,Mumbai,28.1,0.0,6.0
2023-01-17,Delhi,29.8,0.0,15.7
2023-01-17,Dehradun,20.0,0.0,9.6
2023-01-17,Jodhpur,27.1,0.0,5.6
2023-01-18,Mumbai,25.5,0.0,14.7
2023-01-18,Delhi,25.6,0.0,5.7
2023-01-18,Dehradun,20.8,0.0,14.7
2023-01-18,Jodhpur,26.5,0.0,6.0
2023-01-19,Mumbai,26.5,0.0,15.9
2023-01-19,Delhi,22.4,0.0,8.1
2023-01-19,Dehradun,23.1,0.0,13.1
2023-01-19,Jodhpur,28.1,2.1,18.8
2023-01-20,Mumbai,27.4,0.0,7.0
2023-01-20,Delhi,25.2,0.0,10.4
2023-01-20,Dehradun,24.3,1.0,7.2
2023-01-20,Jodhpur,28.4,0.0,7.0
2023-01-21,Mumbai,28.7,0.0,11.2
2023-01-21,Delhi,25.6,0.7,10.0
2023-01-21,Dehradun,18.6,1.1,12.8
2023-01-21,Jodhpur,26.8,3.9,14.2
2023-01-22,Mumbai,26.1,0.0,8.4
2023-01-22,Delhi,26.9,0.0,7.8
2023-01-22,Dehradun,21.7,0.2,9.2
2023-01-22,Jodhpur,27.7,0.0,6.6
2023-01-23,Mumbai,31.2,0.0,12.3
2023-01-23,Delhi,26.6,0.0,8.3
2023-01-23,Dehradun,18.2,0.0,11.5
2023-01-23,Jodhpur,27.7,0.0,9.5
2023-01-24,Mumbai,25.9,0.0,9.0
2023-01-24,Delhi,24.0,2.4,12.3
2023-01-24,Dehradun,19.0,2.8,6.8
2023-01-24,Jodhpur,27.6,0.0,11.1
2023-01-25,Mumbai,26.7,0.0,8.3
2023-01-25,Delhi,24.4,0.0,9.2
2023-01-25,Dehradun,18.3,0.0,8.1
2023-01-25,Jodhpur,28.8,0.5,8.5
2023-01-26,Mumbai,29.0,0.0,9.7
2023-01-26,Delhi,25.1,0.0,7.3
2023-01-26,Dehradun,23.7,0.0,8.1
2023-01-26,Jodhpur,30.0,0.0,7.9
2023-01-27,Mumbai,24.3,0.0,5.4
2023-01-27,Delhi,25.7,0.0,10.6
2023-01-27,Dehradun,23.0,4.0,12.4
2023-01-27,Jodhpur,27.1,0.0,13.2
2023-01-28,Mumbai,26.8,0.0,12.7
2023-01-28,Delhi,25.0,0.0,8.5
2023-01-28,Dehradun,19.1,0.0,10.2
2023-01-28,Jodhpur,28.2,0.0,9.8
2023-01-29,Mumbai,23.9,0.0,12.8
2023-01-29,Delhi,28.1,0.0,8.6
2023-01-29,Dehradun,24.1,1.0,15.2
2023-01-29,Jodhpur,31.0,0.0,11.2
2023-01-30,Mumbai,23.5,0.0,13.6
2023-01-30,Delhi,25.4,0.0,5.3
2023-01-30,Dehradun,22.0,0.3,9.3
2023-01-30,Jodhpur,24.6,0.0,8.2
2023-01-31,Mumbai,22.9,0.0,8.1
2023-01-31,Delhi,25.7,0.0,6.4
2023-01-31,Dehradun,19.9,0.0,11.5
2023-01-31,Jodhpur,26.9,0.0,6.7
2023-02-01,Mumbai,29.3,0.0,6.3
2023-02-01,Delhi,36.4,0.0,8.4
2023-02-01,Dehradun,24.6,5.1,8.9
2023-02-01,Jodhpur,36.7,0.0,7.0
2023-02-02,Mumbai,28.4,0.0,6.1
2023-02-02,Delhi,31.2,0.0,5.3
2023-02-02,Dehradun,27.7,1.4,6.4
2023-02-02,Jodhpur,34.7,0.0,6.4
2023-02-03,Mumbai,28.0,0.0,5.8
2023-02-03,Delhi,31.2,0.0,6.2
2023-02-03,Dehradun,29.4,0.0,11.2
2023-02-03,Jodhpur,35.2,0.0,6.6
2023-02-04,Mumbai,27.4,0.0,7.9
2023-02-04,Delhi,34.4,0.0,5.9
2023-02-04,Dehradun,27.1,0.0,6.9
2023-02-04,Jodhpur,34.0,0.0,8.5
2023-02-05,Mumbai,27.8,0.2,9.4
2023-02-05,Delhi,32.3,0.6,9.8
2023-02-05,Dehradun,24.0,0.0,5.6
2023-02-05,Jodhpur,36.1,0.0,6.7
2023-02-06,Mumbai,25.9,0.0,9.0
2023-02-06,Delhi,30.7,0.0,8.2
2023-02-06,Dehradun,23.6,0.0,6.6
2023-02-06,Jodhpur,34.2,0.8,7.0
2023-02-07,Mumbai,31.0,0.0,6.8
2023-02-07,Delhi,37.4,0.0,8.8
2023-02-07,Dehradun,26.2,0.0,9.8
2023-02-07,Jodhpur,38.2,0.0,7.0
2023-02-08,Mumbai,30.7,0.0,9.9
2023-02-08,Delhi,34.6,0.0,7.7
2023-02-08,Dehradun,27.9,0.0,6.9
2023-02-08,Jodhpur,30.5,0.0,5.7
2023-02-09,Mumbai,29.5,0.0,11.2
2023-02-09,Delhi,32.7,0.0,8.8
2023-02-09,Dehradun,27.1,0.0,9.8
2023-02-09,Jodhpur,37.5,3.1,7.3
2023-02-10,Mumbai,27.8,0.0,8.5
2023-02-10,Delhi,31.5,0.8,12.9
2023-02-10,Dehradun,25.1,0.0,11.5
2023-02-10,Jodhpur,36.9,0.0,5.6
2023-02-11,Mumbai,30.1,0.0,8.8
2023-02-11,Delhi,34.2,0.0,8.8
2023-02-11,Dehradun,31.3,0.0,15.4
2023-02-11,Jodhpur,36.2,0.0,9.0
2023-02-12,Mumbai,27.2,0.0,8.8
2023-02-12,Delhi,32.7,0.0,20.1
2023-02-12,Dehradun,27.0,0.0,11.9
2023-02-12,Jodhpur,33.8,0.0,11.1
2023-02-13,Mumbai,24.9,0.0,12.8
2023-02-13,Delhi,30.9,0.0,6.2
2023-02-13,Dehradun,25.7,0.0,10.9
2023-02-13,Jodhpur,34.7,0.0,6.3
2023-02-14,Mumbai,30.5,0.0,6.7
2023-02-14,Delhi,32.2,0.0,6.9
2023-02-14,Dehradun,26.3,0.0,8.0
2023-02-14,Jodhpur,35.3,0.0,20.3
2023-02-15,Mumbai,27.3,0.0,13.4
2023-02-15,Delhi,27.2,0.0,6.1
2023-02-15,Dehradun,26.4,5.8,5.9
2023-02-15,Jodhpur,33.4,0.0,11.4
2023-02-16,Mumbai,32.0,0.0,10.6
2023-02-16,Delhi,30.2,0.0,7.2
2023-02-16,Dehradun,27.0,0.0,7.8
2023-02-16,Jodhpur,34.3,3.5,14.6
2023-02-17,Mumbai,27.5,0.0,5.6
2023-02-17,Delhi,36.0,0.8,6.8
2023-02-17,Dehradun,23.2,0.0,6.0
2023-02-17,Jodhpur,38.5,0.0,8.9
2023-02-18,Mumbai,29.3,0.0,8.2
2023-02-18,Delhi,34.7,0.0,7.5
2023-02-18,Dehradun,25.9,0.0,5.9
2023-02-18,Jodhpur,36.5,8.3,6.0
2023-02-19,Mumbai,29.7,0.0,5.6
2023-02-19,Delhi,33.6,0.0,7.3
2023-02-19,Dehradun,27.1,0.0,14.5
2023-02-19,Jodhpur,38.1,0.0,7.9
2023-02-20,Mumbai,31.1,0.0,7.5
2023-02-20,Delhi,32.9,0.0,5.7
2023-02-20,Dehradun,24.4,0.0,10.0
2023-02-20,Jodhpur,31.5,0.0,8.6
2023-02-21,Mumbai,29.9,0.0,10.2
2023-02-21,Delhi,29.5,0.0,5.6
2023-02-21,Dehradun,28.0,0.0,8.8
2023-02-21,Jodhpur,34.3,0.0,5.7
2023-02-22,Mumbai,28.7,0.0,6.2
2023-02-22,Delhi,34.4,0.0,6.0
2023-02-22,Dehradun,25.5,2.6,10.0
2023-02-22,Jodhpur,37.2,0.6,8.2
2023-02-23,Mumbai,31.1,0.0,8.7
2023-02-23,Delhi,33.4,5.8,7.8
2023-02-23,Dehradun,26.1,0.0,8.4
2023-02-23,Jodhpur,35.2,0.0,7.3
2023-02-24,Mumbai,29.9,0.0,7.2
2023-02-24,Delhi,32.1,0.0,7.3
2023-02-24,Dehradun,28.1,1.9,5.8
2023-02-24,Jodhpur,36.4,0.0,8.5
2023-02-25,Mumbai,31.9,0.0,6.9
2023-02-25,Delhi,34.3,2.9,9.2
2023-02-25,Dehradun,29.2,0.0,7.2
2023-02-25,Jodhpur,32.3,0.0,6.5
2023-02-26,Mumbai,29.4,0.0,9.0
2023-02-26,Delhi,34.5,1.3,7.8
2023-02-26,Dehradun,28.3,0.0,14.5
2023-02-26,Jodhpur,34.0,0.0,7.0
2023-02-27,Mumbai,28.5,4.3,7.9
2023-02-27,Delhi,35.3,0.0,7.1
2023-02-27,Dehradun,24.9,0.0,10.2
2023-02-27,Jodhpur,38.1,0.0,15.5
2023-02-28,Mumbai,28.3,6.2,7.4
2023-02-28,Delhi,33.6,0.0,12.0
2023-02-28,Dehradun,22.5,0.0,6.0
2023-02-28,Jodhpur,33.3,0.0,8.3
2023-03-01,Mumbai,24.4,0.0,6.6
2023-03-01,Delhi,40.6,0.0,6.2
2023-03-01,Dehradun,30.9,0.0,9.2
2023-03-01,Jodhpur,40.9,2.4,10.5
2023-03-02,Mumbai,34.1,0.0,10.3
2023-03-02,Delhi,37.7,0.0,8.7
2023-03-02,Dehradun,31.1,1.4,7.4
2023-03-02,Jodhpur,41.8,2.0,5.8
2023-03-03,Mumbai,32.6,0.0,17.6
2023-03-03,Delhi,38.5,0.8,14.3
2023-03-03,Dehradun,30.7,0.0,9.5
2023-03-03,Jodhpur,39.4,0.0,8.8
2023-03-04,Mumbai,30.4,7.3,8.7
2023-03-04,Delhi,36.9,0.0,9.4
2023-03-04,Dehradun,33.5,0.0,8.2
2023-03-04,Jodhpur,37.2,0.0,6.3
2023-03-05,Mumbai,32.7,0.0,6.0
2023-03-05,Delhi,39.7,0.0,10.3
2023-03-05,Dehradun,30.2,0.0,6.8
2023-03-05,Jodhpur,39.6,0.0,9.3
2023-03-06,Mumbai,28.8,1.3,13.6
2023-03-06,Delhi,38.5,0.0,7.8
2023-03-06,Dehradun,31.3,0.0,10.2
2023-03-06,Jodhpur,42.6,0.0,9.8
2023-03-07,Mumbai,32.1,0.0,6.7
2023-03-07,Delhi,36.5,0.0,8.3
2023-03-07,Dehradun,29.1,0.0,11.6
2023-03-07,Jodhpur,39.8,0.0,6.9
2023-03-08,Mumbai,33.4,3.0,6.2
2023-03-08,Delhi,36.1,0.0,8.2
2023-03-08,Dehradun,30.4,0.0,6.1
2023-03-08,Jodhpur,39.7,0.0,8.4
2023-03-09,Mumbai,30.8,0.0,6.9
2023-03-09,Delhi,36.0,0.0,7.7
2023-03-09,Dehradun,29.2,0.0,10.0
2023-03-09,Jodhpur,42.9,0.0,11.3
2023-03-10,Mumbai,31.4,0.0,6.9
2023-03-10,Delhi,39.8,0.0,10.3
2023-03-10,Dehradun,33.0,0.0,8.9
2023-03-10,Jodhpur,43.6,0.0,8.9
2023-03-11,Mumbai,30.0,0.5,7.2
2023-03-11,Delhi,35.9,0.0,7.1
2023-03-11,Dehradun,36.3,0.0,8.1
2023-03-11,Jodhpur,37.9,0.0,10.0
2023-03-12,Mumbai,33.5,0.0,8.1
2023-03-12,Delhi,34.3,0.0,6.5
2023-03-12,Dehradun,27.3,0.0,16.6
2023-03-12,Jodhpur,36.9,0.0,7.1
2023-03-13,Mumbai,32.4,0.0,6.0
2023-03-13,Delhi,38.8,0.4,6.9
2023-03-13,Dehradun,30.3,0.0,12.4
2023-03-13,Jodhpur,41.7,0.0,7.5
2023-03-14,Mumbai,29.1,0.0,6.0
2023-03-14,Delhi,40.3,0.0,8.2
2023-03-14,Dehradun,31.3,0.0,8.5
2023-03-14,Jodhpur,37.6,1.1,10.3
2023-03-15,Mumbai,28.5,0.0,11.0
2023-03-15,Delhi,40.4,3.3,11.8
2023-03-15,Dehradun,30.9,0.0,8.2
2023-03-15,Jodhpur,40.0,0.1,8.0
2023-03-16,Mumbai,29.3,0.0,7.0
2023-03-16,Delhi,38.0,6.7,11.3
2023-03-16,Dehradun,31.1,0.0,17.2
2023-03-16,Jodhpur,39.8,0.0,12.1
2023-03-17,Mumbai,29.3,0.0,7.0
2023-03-17,Delhi,41.8,0.0,11.1
2023-03-17,Dehradun,31.4,0.0,19.2
2023-03-17,Jodhpur,40.0,0.0,12.1
2023-03-18,Mumbai,33.7,0.0,14.6
2023-03-18,Delhi,35.7,0.0,8.2
2023-03-18,Dehradun,31.0,0.0,14.5
2023-03-18,Jodhpur,41.0,0.0,12.4
2023-03-19,Mumbai,28.9,0.0,7.6
2023-03-19,Delhi,40.7,0.0,7.9
2023-03-19,Dehradun,30.4,0.0,14.4
2023-03-19,Jodhpur,38.4,0.0,6.9
2023-03-20,Mumbai,28.7,0.0,14.6
2023-03-20,Delhi,40.0,0.0,11.6
2023-03-20,Dehradun,29.7,0.0,5.9
2023-03-20,Jodhpur,36.8,0.0,13.3
2023-03-21,Mumbai,32.5,0.0,10.7
2023-03-21,Delhi,38.6,0.1,7.9
2023-03-21,Dehradun,31.5,0.0,6.6
2023-03-21,Jodhpur,38.2,1.5,11.3
2023-03-22,Mumbai,28.2,0.0,6.4
2023-03-22,Delhi,37.5,0.0,8.6
2023-03-22,Dehradun,27.7,0.0,9.6
2023-03-22,Jodhpur,40.6,0.0,13.2
2023-03-23,Mumbai,31.6,4.3,9.9
2023-03-23,Delhi,39.0,0.0,6.0
2023-03-23,Dehradun,29.8,0.0,10.7
2023-03-23,Jodhpur,41.7,0.0,7.1
2023-03-24,Mumbai,31.8,0.0,6.7
2023-03-24,Delhi,39.0,0.5,6.8
2023-03-24,Dehradun,30.5,0.0,8.0
2023-03-24,Jodhpur,39.0,0.0,5.9
2023-03-25,Mumbai,29.7,0.0,14.6
2023-03-25,Delhi,39.1,0.0,14.6
2023-03-25,Dehradun,29.2,0.0,6.3
2023-03-25,Jodhpur,40.2,0.0,6.7
2023-03-26,Mumbai,31.8,2.1,5.7
2023-03-26,Delhi,35.6,0.0,10.5
2023-03-26,Dehradun,34.3,0.0,8.6
2023-03-26,Jodhpur,38.8,0.0,6.4
2023-03-27,Mumbai,32.6,0.0,14.3
2023-03-27,Delhi,37.4,0.0,7.1
2023-03-27,Dehradun,27.6,5.2,12.5
2023-03-27,Jodhpur,40.4,0.0,8.9
2023-03-28,Mumbai,30.7,3.0,6.3
2023-03-28,Delhi,36.2,0.0,8.6
2023-03-28,Dehradun,31.8,0.0,17.6
2023-03-28,Jodhpur,37.9,1.4,8.5
2023-03-29,Mumbai,31.1,4.1,10.0
2023-03-29,Delhi,39.2,0.0,6.1
2023-03-29,Dehradun,29.7,0.0,8.5
2023-03-29,Jodhpur,40.5,0.0,19.6
2023-03-30,Mumbai,30.7,0.0,5.1
2023-03-30,Delhi,38.1,0.0,9.8
2023-03-30,Dehradun,30.5,0.0,5.1
2023-03-30,Jodhpur,40.7,0.0,9.9
2023-03-31,Mumbai,28.8,0.0,6.9
2023-03-31,Delhi,37.9,0.0,7.1
2023-03-31,Dehradun,29.6,0.0,9.2
2023-03-31,Jodhpur,38.9,0.0,5.7
2023-04-01,Mumbai,33.8,0.0,6.3
2023-04-01,Delhi,39.6,0.0,7.2
2023-04-01,Dehradun,29.7,2.6,7.1
2023-04-01,Jodhpur,36.8,0.0,7.1
2023-04-02,Mumbai,32.8,0.0,8.3
2023-04-02,Delhi,41.2,0.0,12.5
2023-04-02,Dehradun,31.7,0.0,7.3
2023-04-02,Jodhpur,40.2,0.0,5.9
2023-04-03,Mumbai,28.8,0.0,6.9
2023-04-03,Delhi,42.1,0.0,10.4
2023-04-03,Dehradun,31.0,1.2,13.5
2023-04-03,Jodhpur,44.4,0.0,6.9
2023-04-04,Mumbai,32.3,0.0,8.6
2023-04-04,Delhi,43.4,0.0,9.0
2023-04-04,Dehradun,31.1,0.0,6.7
2023-04-04,Jodhpur,44.6,0.0,10.4
2023-04-05,Mumbai,34.3,0.0,9.1
2023-04-05,Delhi,38.6,0.0,10.2
2023-04-05,Dehradun,34.6,0.0,9.1
2023-04-05,Jodhpur,40.1,0.0,7.0
2023-04-06,Mumbai,32.1,0.0,13.7
2023-04-06,Delhi,43.6,2.1,7.5
2023-04-06,Dehradun,30.3,0.0,6.3
2023-04-06,Jodhpur,38.1,0.0,7.8
2023-04-07,Mumbai,31.4,0.0,11.1
2023-04-07,Delhi,38.8,5.0,11.0
2023-04-07,Dehradun,30.4,2.6,10.4
2023-04-07,Jodhpur,44.3,0.0,9.5
2023-04-08,Mumbai,30.7,0.0,12.7
2023-04-08,Delhi,40.0,0.0,9.0
2023-04-08,Dehradun,37.2,0.0,10.7
2023-04-08,Jodhpur,42.8,0.0,8.0
2023-04-09,Mumbai,29.6,0.0,7.8
2023-04-09,Delhi,38.3,0.0,14.8
2023-04-09,Dehradun,32.8,0.0,12.5
2023-04-09,Jodhpur,40.8,0.0,6.7
2023-04-10,Mumbai,33.3,0.0,6.5
2023-04-10,Delhi,39.1,11.2,6.6
2023-04-10,Dehradun,27.8,1.8,5.8
2023-04-10,Jodhpur,38.5,0.0,5.7
2023-04-11,Mumbai,34.5,0.0,7.1
2023-04-11,Delhi,45.1,0.0,14.1
2023-04-11,Dehradun,36.0,0.0,11.7
2023-04-11,Jodhpur,43.2,1.4,12.1
2023-04-12,Mumbai,30.7,0.0,5.1
2023-04-12,Delhi,41.6,0.0,6.6
2023-04-12,Dehradun,31.7,0.0,8.8
2023-04-12,Jodhpur,43.2,0.0,7.5
2023-04-13,Mumbai,32.5,1.0,16.0
2023-04-13,Delhi,43.1,0.0,8.7
2023-04-13,Dehradun,28.5,0.6,11.8
2023-04-13,Jodhpur,41.6,0.0,7.9
2023-04-14,Mumbai,34.8,0.0,8.9
2023-04-14,Delhi,39.2,0.0,11.2
2023-04-14,Dehradun,33.6,0.0,9.5
2023-04-14,Jodhpur,40.9,0.1,8.1
2023-04-15,Mumbai,31.6,0.0,7.8
2023-04-15,Delhi,40.7,0.0,13.9
2023-04-15,Dehradun,31.5,0.0,5.2
2023-04-15,Jodhpur,43.8,0.0,9.0
2023-04-16,Mumbai,32.2,0.1,5.7
2023-04-16,Delhi,38.9,0.6,6.2
2023-04-16,Dehradun,33.1,0.0,8.5
2023-04-16,Jodhpur,42.7,0.0,7.3
2023-04-17,Mumbai,30.9,1.6,6.3
2023-04-17,Delhi,40.1,0.0,8.8
2023-04-17,Dehradun,31.3,0.0,6.3
2023-04-17,Jodhpur,36.2,3.8,7.3
2023-04-18,Mumbai,36.0,0.0,6.8
2023-04-18,Delhi,40.1,1.2,6.9
2023-04-18,Dehradun,30.4,0.0,8.7
2023-04-18,Jodhpur,45.2,4.2,7.5
2023-04-19,Mumbai,33.0,3.0,11.2
2023-04-19,Delhi,39.8,0.0,9.2
2023-04-19,Dehradun,30.5,0.0,8.6
2023-04-19,Jodhpur,39.1,0.0,15.9
2023-04-20,Mumbai,34.2,0.0,8.5
2023-04-20,Delhi,41.7,0.0,6.9
2023-04-20,Dehradun,34.1,0.6,7.1
2023-04-20,Jodhpur,41.0,0.0,7.8
2023-04-21,Mumbai,29.7,0.0,8.9
2023-04-21,Delhi,40.5,1.1,6.3
2023-04-21,Dehradun,32.9,0.0,12.4
2023-04-21,Jodhpur,47.2,0.2,6.7
2023-04-22,Mumbai,33.2,1.6,6.4
2023-04-22,Delhi,42.3,1.2,8.1
2023-04-22,Dehradun,27.5,0.0,10.0
2023-04-22,Jodhpur,40.3,0.0,7.1
2023-04-23,Mumbai,31.2,0.0,10.7
2023-04-23,Delhi,42.5,0.0,8.1
2023-04-23,Dehradun,34.5,0.0,9.4
2023-04-23,Jodhpur,40.4,0.0,7.4
2023-04-24,Mumbai,33.0,0.0,13.3
2023-04-24,Delhi,42.0,0.0,11.8
2023-04-24,Dehradun,29.4,2.9,10.3
2023-04-24,Jodhpur,44.2,2.2,6.4
2023-04-25,Mumbai,32.3,0.0,8.7
2023-04-25,Delhi,42.2,0.2,7.1
2023-04-25,Dehradun,31.8,0.7,7.3
2023-04-25,Jodhpur,43.5,0.0,11.2
2023-04-26,Mumbai,30.9,0.2,9.4
2023-04-26,Delhi,43.7,0.0,8.3
2023-04-26,Dehradun,31.4,0.0,6.3
2023-04-26,Jodhpur,39.9,0.0,11.4
2023-04-27,Mumbai,35.4,0.0,8.1
2023-04-27,Delhi,39.7,0.0,8.5
2023-04-27,Dehradun,34.3,1.8,9.1
2023-04-27,Jodhpur,43.3,1.7,5.1
2023-04-28,Mumbai,33.4,0.0,9.8
2023-04-28,Delhi,42.7,0.0,14.5
2023-04-28,Dehradun,34.6,0.0,8.5
2023-04-28,Jodhpur,38.8,0.0,7.9
2023-04-29,Mumbai,32.1,0.0,14.9
2023-04-29,Delhi,38.5,0.0,6.0
2023-04-29,Dehradun,31.1,0.8,6.8
2023-04-29,Jodhpur,42.9,0.0,6.0
2023-04-30,Mumbai,31.6,0.0,8.4
2023-04-30,Delhi,42.2,0.0,7.1
2023-04-30,Dehradun,32.8,0.0,7.9
2023-04-30,Jodhpur,40.2,0.0,9.1
2023-05-01,Mumbai,31.3,0.0,12.0
2023-05-01,Delhi,37.2,0.0,6.9
2023-05-01,Dehradun,32.1,0.0,7.9
2023-05-01,Jodhpur,42.0,3.4,7.1
2023-05-02,Mumbai,30.4,0.0,8.7
2023-05-02,Delhi,41.2,0.0,11.2
2023-05-02,Dehradun,26.1,0.0,6.8
2023-05-02,Jodhpur,39.9,0.0,8.5
2023-05-03,Mumbai,31.7,0.0,9.6
2023-05-03,Delhi,37.8,0.0,8.4
2023-05-03,Dehradun,32.3,0.0,9.1
2023-05-03,Jodhpur,37.8,0.0,8.6
2023-05-04,Mumbai,31.1,0.0,5.5
2023-05-04,Delhi,38.3,0.0,6.3
2023-05-04,Dehradun,32.3,0.0,9.6
2023-05-04,Jodhpur,37.7,0.0,11.3
2023-05-05,Mumbai,34.1,3.9,7.7
2023-05-05,Delhi,34.4,0.0,6.8
2023-05-05,Dehradun,33.6,0.0,10.8
2023-05-05,Jodhpur,39.6,0.0,6.1
2023-05-06,Mumbai,29.4,0.0,7.3
2023-05-06,Delhi,35.2,0.0,12.6
2023-05-06,Dehradun,32.6,0.0,6.1
2023-05-06,Jodhpur,43.9,0.0,7.3
2023-05-07,Mumbai,31.3,1.0,7.2
2023-05-07,Delhi,37.8,0.0,7.5
2023-05-07,Dehradun,29.9,0.0,14.4
2023-05-07,Jodhpur,41.5,0.0,7.5
2023-05-08,Mumbai,31.1,0.0,9.6
2023-05-08,Delhi,35.6,0.0,8.7
2023-05-08,Dehradun,31.7,0.0,9.8
2023-05-08,Jodhpur,38.5,0.0,7.0
2023-05-09,Mumbai,27.4,0.0,10.7
2023-05-09,Delhi,42.1,0.0,6.5
2023-05-09,Dehradun,32.6,0.0,16.4
2023-05-09,Jodhpur,39.2,0.0,8.1
2023-05-10,Mumbai,31.8,0.0,9.7
2023-05-10,Delhi,38.6,0.0,7.4
2023-05-10,Dehradun,31.6,0.3,7.5
2023-05-10,Jodhpur,40.1,1.8,9.4
2023-05-11,Mumbai,29.5,0.0,6.9
2023-05-11,Delhi,33.7,0.0,8.2
2023-05-11,Dehradun,31.0,0.0,10.0
2023-05-11,Jodhpur,40.3,0.0,7.9
2023-05-12,Mumbai,33.6,0.1,8.0
2023-05-12,Delhi,40.0,0.0,16.4
2023-05-12,Dehradun,29.9,0.0,7.4
2023-05-12,Jodhpur,38.6,0.7,11.4
2023-05-13,Mumbai,32.4,0.0,10.6
2023-05-13,Delhi,39.0,0.0,10.9
2023-05-13,Dehradun,31.9,0.0,9.3
2023-05-13,Jodhpur,42.3,0.0,7.9
2023-05-14,Mumbai,29.8,0.0,6.7
2023-05-14,Delhi,37.4,0.2,8.4
2023-05-14,Dehradun,31.6,0.0,13.7
2023-05-14,Jodhpur,40.1,0.0,7.9
2023-05-15,Mumbai,29.9,0.0,11.1
2023-05-15,Delhi,36.7,0.0,7.7
2023-05-15,Dehradun,31.7,0.0,8.5
2023-05-15,Jodhpur,40.2,0.0,6.6
2023-05-16,Mumbai,32.0,0.0,17.8
2023-05-16,Delhi,35.4,0.0,6.2
2023-05-16,Dehradun,32.0,3.3,11.9
2023-05-16,Jodhpur,45.6,0.0,8.3
2023-05-17,Mumbai,27.8,0.0,7.2
2023-05-17,Delhi,38.3,0.0,8.3
2023-05-17,Dehradun,30.4,0.0,7.6
2023-05-17,Jodhpur,40.4,0.0,10.9
2023-05-18,Mumbai,29.6,0.0,5.9
2023-05-18,Delhi,36.4,0.0,9.1
2023-05-18,Dehradun,30.8,0.9,8.2
2023-05-18,Jodhpur,44.1,0.0,9.9
2023-05-19,Mumbai,29.7,2.9,8.6
2023-05-19,Delhi,38.4,0.0,10.2
2023-05-19,Dehradun,32.8,0.0,8.3
2023-05-19,Jodhpur,41.3,0.0,7.1
2023-05-20,Mumbai,28.9,0.0,7.3
2023-05-20,Delhi,40.9,0.5,7.5
2023-05-20,Dehradun,34.6,0.0,11.5
2023-05-20,Jodhpur,43.3,0.0,12.8
2023-05-21,Mumbai,33.0,0.0,14.1
2023-05-21,Delhi,36.5,0.7,7.1
2023-05-21,Dehradun,30.1,0.0,10.6
2023-05-21,Jodhpur,39.1,0.0,7.8
2023-05-22,Mumbai,29.3,0.0,19.2
2023-05-22,Delhi,39.6,0.0,8.4
2023-05-22,Dehradun,31.5,0.0,10.5
2023-05-22,Jodhpur,41.6,0.3,7.8
2023-05-23,Mumbai,31.7,0.0,11.6
2023-05-23,Delhi,36.5,0.0,11.6
2023-05-23,Dehradun,27.7,0.0,8.8
2023-05-23,Jodhpur,40.6,0.0,5.7
2023-05-24,Mumbai,29.7,0.0,8.1
2023-05-24,Delhi,34.7,0.0,8.4
2023-05-24,Dehradun,30.9,0.0,6.0
2023-05-24,Jodhpur,38.9,0.0,12.9
2023-05-25,Mumbai,32.4,0.0,9.8
2023-05-25,Delhi,40.3,0.0,6.6
2023-05-25,Dehradun,27.9,0.0,11.6
2023-05-25,Jodhpur,40.0,0.0,6.6
2023-05-26,Mumbai,35.5,1.5,8.3
2023-05-26,Delhi,34.7,0.0,11.0
2023-05-26,Dehradun,29.2,0.0,7.1
2023-05-26,Jodhpur,40.0,0.0,9.6
2023-05-27,Mumbai,32.1,0.4,5.7
2023-05-27,Delhi,38.9,0.0,8.8
2023-05-27,Dehradun,29.1,0.0,9.6
2023-05-27,Jodhpur,40.2,0.0,15.5
2023-05-28,Mumbai,30.9,0.0,6.4
2023-05-28,Delhi,38.9,0.0,7.6
2023-05-28,Dehradun,30.4,0.0,6.0
2023-05-28,Jodhpur,41.3,2.6,8.0
2023-05-29,Mumbai,29.6,0.0,6.7
2023-05-29,Delhi,38.7,0.0,5.9
2023-05-29,Dehradun,27.2,6.0,5.5
2023-05-29,Jodhpur,42.1,0.0,5.4
2023-05-30,Mumbai,33.1,0.0,8.4
2023-05-30,Delhi,36.1,0.0,7.4
2023-05-30,Dehradun,31.8,0.0,16.5
2023-05-30,Jodhpur,37.0,0.0,6.5
2023-05-31,Mumbai,28.7,4.5,13.5
2023-05-31,Delhi,37.2,0.0,9.5
2023-05-31,Dehradun,27.7,0.0,7.5
2023-05-31,Jodhpur,41.0,0.0,8.4
2023-06-01,Mumbai,30.9,27.1,12.7
2023-06-01,Delhi,30.4,2.5,8.6
2023-06-01,Dehradun,28.1,0.6,9.3
2023-06-01,Jodhpur,34.0,0.0,6.9
2023-06-02,Mumbai,29.6,0.0,6.2
2023-06-02,Delhi,30.3,0.0,10.4
2023-06-02,Dehradun,23.7,8.2,6.3
2023-06-02,Jodhpur,32.6,0.4,10.8
2023-06-03,Mumbai,29.0,21.1,13.7
2023-06-03,Delhi,29.1,0.0,15.5
2023-06-03,Dehradun,26.8,13.1,10.3
2023-06-03,Jodhpur,32.0,0.0,7.4
2023-06-04,Mumbai,30.0,6.9,12.0
2023-06-04,Delhi,34.5,17.8,10.4
2023-06-04,Dehradun,26.8,3.3,6.1
2023-06-04,Jodhpur,37.1,0.0,11.4
2023-06-05,Mumbai,24.7,0.0,8.1
2023-06-05,Delhi,31.1,0.0,13.6
2023-06-05,Dehradun,25.9,0.0,9.7
2023-06-05,Jodhpur,35.4,0.1,13.0
2023-06-06,Mumbai,30.9,0.0,9.5
2023-06-06,Delhi,28.2,0.0,12.0
2023-06-06,Dehradun,25.0,0.0,6.6
2023-06-06,Jodhpur,37.1,0.0,10.2
2023-06-07,Mumbai,31.9,0.2,9.1
2023-06-07,Delhi,32.6,0.0,6.9
2023-06-07,Dehradun,28.5,19.8,5.8
2023-06-07,Jodhpur,33.9,0.0,5.6
2023-06-08,Mumbai,29.2,15.4,7.1
2023-06-08,Delhi,30.1,20.9,9.9
2023-06-08,Dehradun,24.1,59.0,6.4
2023-06-08,Jodhpur,32.3,0.2,8.5
2023-06-09,Mumbai,31.3,6.4,11.8
2023-06-09,Delhi,30.8,4.7,6.9
2023-06-09,Dehradun,26.4,1.2,8.5
2023-06-09,Jodhpur,34.8,0.0,8.8
2023-06-10,Mumbai,32.5,0.0,12.7
2023-06-10,Delhi,34.9,5.6,11.7
2023-06-10,Dehradun,28.0,1.7,9.1
2023-06-10,Jodhpur,34.6,0.0,9.1
2023-06-11,Mumbai,27.8,0.0,14.9
2023-06-11,Delhi,31.8,7.6,5.7
2023-06-11,Dehradun,27.1,1.6,6.3
2023-06-11,Jodhpur,33.3,0.0,8.0
2023-06-12,Mumbai,26.3,19.3,7.3
2023-06-12,Delhi,36.0,4.2,13.3
2023-06-12,Dehradun,26.7,0.0,10.0
2023-06-12,Jodhpur,33.6,0.0,6.6
2023-06-13,Mumbai,32.9,16.8,7.6
2023-06-13,Delhi,33.5,11.8,9.7
2023-06-13,Dehradun,28.8,11.1,10.4
2023-06-13,Jodhpur,36.4,0.0,7.8
2023-06-14,Mumbai,27.9,16.5,5.9
2023-06-14,Delhi,36.8,0.0,6.7
2023-06-14,Dehradun,22.8,41.3,5.4
2023-06-14,Jodhpur,33.9,0.0,11.1
2023-06-15,Mumbai,29.6,0.0,5.4
2023-06-15,Delhi,31.5,4.5,13.6
2023-06-15,Dehradun,27.1,25.2,6.3
2023-06-15,Jodhpur,34.3,0.0,7.0
2023-06-16,Mumbai,35.4,6.5,12.7
2023-06-16,Delhi,31.2,45.8,11.7
2023-06-16,Dehradun,26.2,31.4,5.3
2023-06-16,Jodhpur,37.1,0.0,5.3
2023-06-17,Mumbai,30.3,29.4,11.0
2023-06-17,Delhi,36.6,0.0,6.2
2023-06-17,Dehradun,27.1,0.0,6.5
2023-06-17,Jodhpur,37.0,0.0,11.3
2023-06-18,Mumbai,28.1,0.0,6.0
2023-06-18,Delhi,37.4,0.0,9.6
2023-06-18,Dehradun,23.2,0.0,7.1
2023-06-18,Jodhpur,37.0,0.0,17.2
2023-06-19,Mumbai,33.2,2.8,9.4
2023-06-19,Delhi,34.5,11.4,7.7
2023-06-19,Dehradun,24.1,2.3,9.0
2023-06-19,Jodhpur,34.1,0.5,6.0
2023-06-20,Mumbai,28.9,1.1,8.2
2023-06-20,Delhi,36.6,4.4,11.5
2023-06-20,Dehradun,26.6,25.8,15.2
2023-06-20,Jodhpur,30.8,0.0,7.9
2023-06-21,Mumbai,30.2,9.4,7.6
2023-06-21,Delhi,35.0,3.4,7.3
2023-06-21,Dehradun,25.4,51.7,11.4
2023-06-21,Jodhpur,33.8,0.0,8.9
2023-06-22,Mumbai,25.7,0.0,10.2
2023-06-22,Delhi,31.3,9.4,7.9
2023-06-22,Dehradun,28.6,0.0,11.5
2023-06-22,Jodhpur,34.6,0.0,17.3
2023-06-23,Mumbai,30.0,0.0,14.0
2023-06-23,Delhi,35.3,24.4,9.5
2023-06-23,Dehradun,26.8,20.3,6.6
2023-06-23,Jodhpur,35.3,0.0,8.0
2023-06-24,Mumbai,30.6,33.0,13.6
2023-06-24,Delhi,30.4,18.9,9.5
2023-06-24,Dehradun,24.7,0.0,6.3
2023-06-24,Jodhpur,36.7,0.0,7.9
2023-06-25,Mumbai,29.9,25.9,7.2
2023-06-25,Delhi,31.2,4.6,11.1
2023-06-25,Dehradun,23.2,0.0,12.1
2023-06-25,Jodhpur,33.0,0.0,10.5
2023-06-26,Mumbai,31.6,21.5,9.9
2023-06-26,Delhi,33.0,8.5,7.1
2023-06-26,Dehradun,25.3,0.6,9.8
2023-06-26,Jodhpur,36.4,0.8,7.6
2023-06-27,Mumbai,28.6,1.0,10.3
2023-06-27,Delhi,34.0,90.7,10.2
2023-06-27,Dehradun,25.8,0.0,7.2
2023-06-27,Jodhpur,37.4,0.0,7.0
2023-06-28,Mumbai,27.1,0.0,10.5
2023-06-28,Delhi,35.2,0.0,10.2
2023-06-28,Dehradun,28.1,30.0,16.7
2023-06-28,Jodhpur,35.3,0.0,8.4
2023-06-29,Mumbai,27.9,0.0,14.1
2023-06-29,Delhi,33.2,0.0,10.2
2023-06-29,Dehradun,27.8,0.0,16.4
2023-06-29,Jodhpur,34.0,0.0,16.4
2023-06-30,Mumbai,29.5,4.8,9.5
2023-06-30,Delhi,30.5,0.0,7.4
2023-06-30,Dehradun,29.6,2.8,14.2
2023-06-30,Jodhpur,36.7,6.5,6.4
2023-07-01,Mumbai,33.1,0.0,5.6
2023-07-01,Delhi,26.1,13.5,7.3
2023-07-01,Dehradun,19.7,1.3,11.4
2023-07-01,Jodhpur,28.5,0.0,9.6
2023-07-02,Mumbai,26.3,0.0,6.5
2023-07-02,Delhi,27.0,0.5,9.0
2023-07-02,Dehradun,21.6,28.2,7.9
2023-07-02,Jodhpur,27.0,3.4,7.8
2023-07-03,Mumbai,25.5,0.0,7.9
2023-07-03,Delhi,21.9,0.0,7.7
2023-07-03,Dehradun,19.5,51.5,5.6
2023-07-03,Jodhpur,27.1,0.0,6.3
2023-07-04,Mumbai,25.5,0.0,13.3
2023-07-04,Delhi,22.7,0.0,7.4
2023-07-04,Dehradun,20.7,2.5,8.3
2023-07-04,Jodhpur,26.3,0.0,7.5
2023-07-05,Mumbai,27.6,2.3,5.8
2023-07-05,Delhi,26.6,0.0,5.5
2023-07-05,Dehradun,19.2,0.0,6.1
2023-07-05,Jodhpur,23.4,0.0,12.2
2023-07-06,Mumbai,28.4,11.6,7.7
2023-07-06,Delhi,26.7,20.3,5.8
2023-07-06,Dehradun,19.5,9.1,11.9
2023-07-06,Jodhpur,27.5,0.4,7.6
2023-07-07,Mumbai,26.3,3.9,21.2
2023-07-07,Delhi,28.0,0.0,6.1
2023-07-07,Dehradun,18.8,0.0,6.6
2023-07-07,Jodhpur,26.9,7.0,11.0
2023-07-08,Mumbai,26.3,6.9,6.4
2023-07-08,Delhi,27.4,2.9,8.9
2023-07-08,Dehradun,18.6,4.3,6.9
2023-07-08,Jodhpur,29.1,0.0,12.6
2023-07-09,Mumbai,22.8,0.0,7.0
2023-07-09,Delhi,23.1,0.0,6.9
2023-07-09,Dehradun,15.5,2.5,5.3
2023-07-09,Jodhpur,31.9,2.9,5.9
2023-07-10,Mumbai,26.2,0.0,9.4
2023-07-10,Delhi,25.3,36.2,5.3
2023-07-10,Dehradun,18.7,0.0,8.3
2023-07-10,Jodhpur,30.4,0.0,7.8
2023-07-11,Mumbai,23.9,0.0,7.6
2023-07-11,Delhi,25.5,0.0,6.5
2023-07-11,Dehradun,22.4,20.8,7.2
2023-07-11,Jodhpur,26.5,0.0,10.7
2023-07-12,Mumbai,26.6,0.0,10.4
2023-07-12,Delhi,25.2,4.0,12.9
2023-07-12,Dehradun,21.0,0.0,8.9
2023-07-12,Jodhpur,25.7,5.9,12.3
2023-07-13,Mumbai,25.2,0.0,11.5
2023-07-13,Delhi,26.8,5.6,13.8
2023-07-13,Dehradun,19.8,0.0,6.7
2023-07-13,Jodhpur,27.1,0.1,6.2
2023-07-14,Mumbai,27.6,0.0,6.2
2023-07-14,Delhi,25.2,0.0,12.5
2023-07-14,Dehradun,21.6,35.2,10.0
2023-07-14,Jodhpur,29.4,0.0,10.3
2023-07-15,Mumbai,24.8,32.4,12.2
2023-07-15,Delhi,22.8,0.0,7.1
2023-07-15,Dehradun,17.9,1.9,9.0
2023-07-15,Jodhpur,31.4,0.0,10.8
2023-07-16,Mumbai,23.8,0.0,8.7
2023-07-16,Delhi,23.0,19.8,9.9
2023-07-16,Dehradun,20.4,16.1,7.8
2023-07-16,Jodhpur,29.7,0.0,9.7
2023-07-17,Mumbai,28.0,9.4,14.0
2023-07-17,Delhi,26.2,11.4,10.1
2023-07-17,Dehradun,19.9,0.8,9.6
2023-07-17,Jodhpur,27.2,0.0,16.0
2023-07-18,Mumbai,28.0,26.0,5.7
2023-07-18,Delhi,20.7,24.6,7.6
2023-07-18,Dehradun,17.0,3.8,5.1
2023-07-18,Jodhpur,29.0,0.0,9.7
2023-07-19,Mumbai,27.8,0.0,7.9
2023-07-19,Delhi,25.7,0.0,16.4
2023-07-19,Dehradun,17.7,53.2,7.6
2023-07-19,Jodhpur,27.3,0.0,8.8
2023-07-20,Mumbai,28.2,1.2,8.8
2023-07-20,Delhi,20.6,25.3,12.2
2023-07-20,Dehradun,17.3,0.0,6.8
2023-07-20,Jodhpur,31.5,0.0,6.6
2023-07-21,Mumbai,24.6,0.0,7.4
2023-07-21,Delhi,24.8,0.0,7.1
2023-07-21,Dehradun,17.0,19.7,9.2
2023-07-21,Jodhpur,28.7,5.0,7.7
2023-07-22,Mumbai,24.5,11.4,14.9
2023-07-22,Delhi,28.3,2.4,7.2
2023-07-22,Dehradun,22.4,7.1,8.7
2023-07-22,Jodhpur,29.3,0.0,7.3
2023-07-23,Mumbai,28.3,0.6,5.5
2023-07-23,Delhi,24.8,6.4,9.5
2023-07-23,Dehradun,22.7,0.0,7.3
2023-07-23,Jodhpur,28.1,0.0,7.5
2023-07-24,Mumbai,27.9,0.0,6.2
2023-07-24,Delhi,20.5,0.0,12.8
2023-07-24,Dehradun,23.0,1.3,7.2
2023-07-24,Jodhpur,30.1,0.0,14.7
2023-07-25,Mumbai,28.0,8.2,7.5
2023-07-25,Delhi,25.2,0.4,7.2
2023-07-25,Dehradun,19.8,7.6,8.2
2023-07-25,Jodhpur,24.5,0.0,9.3
2023-07-26,Mumbai,26.5,0.8,10.8
2023-07-26,Delhi,25.9,0.0,9.7
2023-07-26,Dehradun,19.8,30.7,6.5
2023-07-26,Jodhpur,29.4,0.0,6.7
2023-07-27,Mumbai,23.1,11.3,6.9
2023-07-27,Delhi,27.7,2.5,9.2
2023-07-27,Dehradun,18.4,17.1,5.9
2023-07-27,Jodhpur,27.8,0.0,7.4
2023-07-28,Mumbai,24.4,33.9,10.8
2023-07-28,Delhi,24.1,0.0,5.8
2023-07-28,Dehradun,21.0,7.6,11.5
2023-07-28,Jodhpur,26.4,0.0,13.1
2023-07-29,Mumbai,28.8,5.1,15.6
2023-07-29,Delhi,22.4,6.0,15.3
2023-07-29,Dehradun,19.3,17.5,9.6
2023-07-29,Jodhpur,30.9,0.0,9.2
2023-07-30,Mumbai,28.3,0.0,6.8
2023-07-30,Delhi,24.1,13.5,11.2
2023-07-30,Dehradun,21.5,4.8,15.4
2023-07-30,Jodhpur,29.5,0.0,6.3
2023-07-31,Mumbai,25.4,0.0,10.5
2023-07-31,Delhi,27.1,0.0,9.2
2023-07-31,Dehradun,19.4,6.1,5.3
2023-07-31,Jodhpur,25.9,0.0,16.1
2023-08-01,Mumbai,26.5,0.8,6.0
2023-08-01,Delhi,20.7,1.1,16.3
2023-08-01,Dehradun,10.7,7.8,11.9
2023-08-01,Jodhpur,19.0,0.0,11.8
2023-08-02,Mumbai,24.7,17.1,8.7
2023-08-02,Delhi,15.7,15.1,6.8
2023-08-02,Dehradun,16.3,6.3,6.0
2023-08-02,Jodhpur,21.5,0.0,10.3
2023-08-03,Mumbai,26.3,0.0,10.6
2023-08-03,Delhi,15.7,0.0,13.2
2023-08-03,Dehradun,16.3,12.5,8.7
2023-08-03,Jodhpur,21.2,0.0,6.6
2023-08-04,Mumbai,21.7,0.0,7.0
2023-08-04,Delhi,17.4,31.0,9.1
2023-08-04,Dehradun,16.6,5.5,9.3
2023-08-04,Jodhpur,23.4,0.0,12.2
2023-08-05,Mumbai,22.7,17.7,9.2
2023-08-05,Delhi,18.6,19.7,9.4
2023-08-05,Dehradun,13.1,28.5,5.6
2023-08-05,Jodhpur,20.9,0.0,6.4
2023-08-06,Mumbai,24.9,4.0,6.5
2023-08-06,Delhi,21.4,0.0,8.3
2023-08-06,Dehradun,15.7,13.1,9.0
2023-08-06,Jodhpur,23.8,0.0,5.9
2023-08-07,Mumbai,25.5,36.3,15.5
2023-08-07,Delhi,16.8,18.2,7.9
2023-08-07,Dehradun,12.1,9.1,14.6
2023-08-07,Jodhpur,21.4,0.9,6.4
2023-08-08,Mumbai,24.7,0.0,5.3
2023-08-08,Delhi,15.2,0.0,5.6
2023-08-08,Dehradun,10.4,8.8,5.9
2023-08-08,Jodhpur,21.3,0.3,9.8
2023-08-09,Mumbai,27.4,6.2,15.5
2023-08-09,Delhi,15.3,3.5,7.5
2023-08-09,Dehradun,18.3,12.9,12.4
2023-08-09,Jodhpur,21.4,0.0,13.4
2023-08-10,Mumbai,24.1,0.0,10.9
2023-08-10,Delhi,17.1,1.3,6.2
2023-08-10,Dehradun,15.0,1.3,13.8
2023-08-10,Jodhpur,23.2,0.0,9.6
2023-08-11,Mumbai,25.6,0.0,6.6
2023-08-11,Delhi,22.8,16.7,9.9
2023-08-11,Dehradun,12.7,15.5,7.4
2023-08-11,Jodhpur,21.3,1.0,7.0
2023-08-12,Mumbai,23.3,26.3,8.1
2023-08-12,Delhi,19.8,26.2,7.1
2023-08-12,Dehradun,14.9,47.5,13.2
2023-08-12,Jodhpur,18.3,0.0,9.8
2023-08-13,Mumbai,27.3,3.9,10.0
2023-08-13,Delhi,17.3,0.0,6.7
2023-08-13,Dehradun,13.0,0.0,6.0
2023-08-13,Jodhpur,15.1,0.0,16.9
2023-08-14,Mumbai,24.5,0.0,6.1
2023-08-14,Delhi,20.9,12.2,17.2
2023-08-14,Dehradun,15.2,27.7,7.3
2023-08-14,Jodhpur,20.6,0.0,8.5
2023-08-15,Mumbai,22.4,68.4,9.2
2023-08-15,Delhi,17.8,12.1,12.3
2023-08-15,Dehradun,16.8,8.1,8.6
2023-08-15,Jodhpur,22.0,0.0,5.9
2023-08-16,Mumbai,23.4,0.0,10.2
2023-08-16,Delhi,19.6,38.3,7.9
2023-08-16,Dehradun,13.3,73.4,9.8
2023-08-16,Jodhpur,20.3,0.0,5.6
2023-08-17,Mumbai,23.3,8.2,12.0
2023-08-17,Delhi,18.4,0.9,9.7
2023-08-17,Dehradun,13.5,7.7,6.3
2023-08-17,Jodhpur,19.1,0.0,14.6
2023-08-18,Mumbai,23.3,9.9,6.1
2023-08-18,Delhi,19.8,2.6,5.6
2023-08-18,Dehradun,18.2,0.0,14.4
2023-08-18,Jodhpur,20.9,0.0,7.9
2023-08-19,Mumbai,26.3,23.9,6.3
2023-08-19,Delhi,17.0,0.0,19.4
2023-08-19,Dehradun,17.6,5.1,5.8
2023-08-19,Jodhpur,17.3,0.0,8.3
2023-08-20,Mumbai,25.8,0.0,8.7
2023-08-20,Delhi,18.0,7.8,6.7
2023-08-20,Dehradun,13.9,0.0,8.5
2023-08-20,Jodhpur,22.9,0.0,8.8
2023-08-21,Mumbai,27.6,12.7,7.3
2023-08-21,Delhi,15.8,0.0,6.9
2023-08-21,Dehradun,18.2,14.3,13.1
2023-08-21,Jodhpur,18.0,0.0,8.6
2023-08-22,Mumbai,27.2,40.5,12.4
2023-08-22,Delhi,22.1,17.0,5.8
2023-08-22,Dehradun,15.3,0.0,7.5
2023-08-22,Jodhpur,20.4,0.0,9.6
2023-08-23,Mumbai,24.5,4.1,12.3
2023-08-23,Delhi,15.9,3.5,12.0
2023-08-23,Dehradun,15.1,22.8,8.8
2023-08-23,Jodhpur,19.0,0.0,7.7
2023-08-24,Mumbai,21.8,5.6,9.3
2023-08-24,Delhi,20.1,0.0,10.7
2023-08-24,Dehradun,12.3,36.0,6.9
2023-08-24,Jodhpur,21.8,0.4,9.1
2023-08-25,Mumbai,21.5,0.0,6.1
2023-08-25,Delhi,16.9,24.8,7.3
2023-08-25,Dehradun,15.6,21.7,7.3
2023-08-25,Jodhpur,21.7,0.0,8.7
2023-08-26,Mumbai,28.9,1.9,8.4
2023-08-26,Delhi,18.2,0.0,9.2
2023-08-26,Dehradun,16.4,25.1,6.0
2023-08-26,Jodhpur,22.6,0.0,7.3
2023-08-27,Mumbai,26.2,0.0,12.3
2023-08-27,Delhi,17.1,7.3,15.5
2023-08-27,Dehradun,14.4,0.0,12.6
2023-08-27,Jodhpur,26.0,0.0,9.1
2023-08-28,Mumbai,25.6,0.0,11.0
2023-08-28,Delhi,19.9,31.7,11.9
2023-08-28,Dehradun,13.6,0.7,6.5
2023-08-28,Jodhpur,23.1,0.0,13.7
2023-08-29,Mumbai,24.2,7.5,9.2
2023-08-29,Delhi,17.5,6.9,7.7
2023-08-29,Dehradun,14.6,31.8,5.3
2023-08-29,Jodhpur,18.7,0.6,8.4
2023-08-30,Mumbai,26.5,8.2,14.9
2023-08-30,Delhi,18.5,8.1,7.2
2023-08-30,Dehradun,15.7,5.8,6.6
2023-08-30,Jodhpur,21.0,0.8,8.4
2023-08-31,Mumbai,23.8,0.0,5.9
2023-08-31,Delhi,16.1,0.0,9.9
2023-08-31,Dehradun,14.6,1.9,8.8
2023-08-31,Jodhpur,18.5,0.0,5.8
2023-09-01,Mumbai,22.5,6.3,7.3
2023-09-01,Delhi,12.2,30.2,16.9
2023-09-01,Dehradun,9.2,9.9,6.6
2023-09-01,Jodhpur,17.5,3.9,9.1
2023-09-02,Mumbai,21.5,0.0,5.8
2023-09-02,Delhi,11.0,26.4,6.7
2023-09-02,Dehradun,8.1,0.0,5.5
2023-09-02,Jodhpur,16.8,0.0,5.3
2023-09-03,Mumbai,22.5,0.9,6.3
2023-09-03,Delhi,9.9,0.0,7.4
2023-09-03,Dehradun,10.2,0.0,9.7
2023-09-03,Jodhpur,14.9,0.0,7.8
2023-09-04,Mumbai,23.1,0.0,14.3
2023-09-04,Delhi,12.1,25.7,7.9
2023-09-04,Dehradun,10.0,0.0,5.9
2023-09-04,Jodhpur,12.7,0.0,6.5
2023-09-05,Mumbai,23.7,23.9,10.8
2023-09-05,Delhi,14.6,1.4,6.0
2023-09-05,Dehradun,6.0,0.0,7.4
2023-09-05,Jodhpur,15.6,0.0,7.4
2023-09-06,Mumbai,23.2,22.4,12.5
2023-09-06,Delhi,9.1,0.0,9.1
2023-09-06,Dehradun,11.3,0.0,6.0
2023-09-06,Jodhpur,13.7,0.0,9.2
2023-09-07,Mumbai,20.5,2.1,7.0
2023-09-07,Delhi,10.6,13.8,6.4
2023-09-07,Dehradun,12.4,0.0,13.5
2023-09-07,Jodhpur,15.6,0.0,7.6
2023-09-08,Mumbai,24.3,0.0,6.2
2023-09-08,Delhi,14.3,4.1,6.8
2023-09-08,Dehradun,9.2,0.0,8.3
2023-09-08,Jodhpur,15.4,0.0,9.2
2023-09-09,Mumbai,26.0,11.5,7.3
2023-09-09,Delhi,11.2,7.0,6.8
2023-09-09,Dehradun,12.0,13.6,7.8
2023-09-09,Jodhpur,12.5,0.0,8.0
2023-09-10,Mumbai,24.2,8.8,7.9
2023-09-10,Delhi,13.4,8.5,10.1
2023-09-10,Dehradun,12.0,14.6,7.1
2023-09-10,Jodhpur,16.7,0.0,9.4
2023-09-11,Mumbai,26.0,20.7,6.4
2023-09-11,Delhi,9.7,11.8,9.8
2023-09-11,Dehradun,11.6,3.7,6.6
2023-09-11,Jodhpur,14.1,1.5,7.5
2023-09-12,Mumbai,19.4,0.0,11.5
2023-09-12,Delhi,12.9,0.0,10.4
2023-09-12,Dehradun,12.7,55.6,5.5
2023-09-12,Jodhpur,17.6,0.0,11.7
2023-09-13,Mumbai,21.6,9.6,7.4
2023-09-13,Delhi,13.8,0.0,9.9
2023-09-13,Dehradun,10.5,2.7,9.2
2023-09-13,Jodhpur,19.6,0.0,10.2
2023-09-14,Mumbai,18.9,8.6,8.5
2023-09-14,Delhi,13.5,0.0,7.0
2023-09-14,Dehradun,10.3,12.5,6.2
2023-09-14,Jodhpur,16.6,0.0,8.5
2023-09-15,Mumbai,22.9,0.0,12.1
2023-09-15,Delhi,15.0,11.3,9.0
2023-09-15,Dehradun,5.4,3.1,8.0
2023-09-15,Jodhpur,14.2,0.0,9.6
2023-09-16,Mumbai,19.3,38.4,5.3
2023-09-16,Delhi,12.1,0.0,7.6
2023-09-16,Dehradun,12.9,1.3,9.4
2023-09-16,Jodhpur,20.7,0.0,9.4
2023-09-17,Mumbai,21.1,0.0,8.0
2023-09-17,Delhi,10.6,22.0,7.0
2023-09-17,Dehradun,7.6,0.0,8.9
2023-09-17,Jodhpur,15.7,0.6,7.1
2023-09-18,Mumbai,22.5,12.7,7.1
2023-09-18,Delhi,10.7,1.6,7.6
2023-09-18,Dehradun,10.2,5.0,11.7
2023-09-18,Jodhpur,13.6,0.0,5.1
2023-09-19,Mumbai,23.7,0.0,7.8
2023-09-19,Delhi,12.4,4.3,10.7
2023-09-19,Dehradun,10.0,1.6,12.2
2023-09-19,Jodhpur,15.7,0.0,9.5
2023-09-20,Mumbai,23.6,2.0,8.9
2023-09-20,Delhi,11.0,15.7,13.5
2023-09-20,Dehradun,7.7,3.4,9.2
2023-09-20,Jodhpur,17.4,0.0,12.2
2023-09-21,Mumbai,22.3,0.0,14.5
2023-09-21,Delhi,11.8,2.4,7.7
2023-09-21,Dehradun,8.8,0.0,7.6
2023-09-21,Jodhpur,19.2,0.0,5.4
2023-09-22,Mumbai,25.3,1.4,7.8
2023-09-22,Delhi,11.6,2.2,10.7
2023-09-22,Dehradun,7.4,4.8,13.5
2023-09-22,Jodhpur,17.9,0.5,10.7
2023-09-23,Mumbai,22.4,5.0,8.5
2023-09-23,Delhi,14.4,30.5,7.2
2023-09-23,Dehradun,11.9,14.1,6.7
2023-09-23,Jodhpur,14.2,0.0,10.7
2023-09-24,Mumbai,20.1,7.7,8.1
2023-09-24,Delhi,13.9,0.0,8.9
2023-09-24,Dehradun,7.8,7.9,15.5
2023-09-24,Jodhpur,15.3,0.0,8.6
2023-09-25,Mumbai,22.8,18.9,9.4
2023-09-25,Delhi,12.6,7.3,6.7
2023-09-25,Dehradun,9.5,31.5,9.9
2023-09-25,Jodhpur,14.9,0.0,8.4
2023-09-26,Mumbai,23.6,29.3,6.4
2023-09-26,Delhi,10.8,0.0,8.0
2023-09-26,Dehradun,12.6,0.0,9.7
2023-09-26,Jodhpur,15.5,1.3,7.5
2023-09-27,Mumbai,23.2,0.0,7.2
2023-09-27,Delhi,11.1,14.0,9.4
2023-09-27,Dehradun,9.3,9.7,11.4
2023-09-27,Jodhpur,18.1,6.5,5.7
2023-09-28,Mumbai,19.2,2.3,7.5
2023-09-28,Delhi,10.0,100.8,6.4
2023-09-28,Dehradun,8.0,0.0,8.7
2023-09-28,Jodhpur,12.5,0.0,8.5
2023-09-29,Mumbai,22.4,36.1,9.6
2023-09-29,Delhi,12.1,0.0,10.0
2023-09-29,Dehradun,13.3,80.8,7.2
2023-09-29,Jodhpur,19.9,0.0,18.4
2023-09-30,Mumbai,27.7,0.0,8.2
2023-09-30,Delhi,12.3,14.2,16.2
2023-09-30,Dehradun,8.4,6.4,9.8
2023-09-30,Jodhpur,15.7,0.0,14.0
2023-10-01,Mumbai,24.1,0.0,7.1
2023-10-01,Delhi,6.6,0.0,8.4
2023-10-01,Dehradun,2.2,1.7,10.1
2023-10-01,Jodhpur,14.4,1.7,6.2
2023-10-02,Mumbai,20.5,0.0,7.8
2023-10-02,Delhi,9.2,6.3,10.0
2023-10-02,Dehradun,9.5,1.2,7.6
2023-10-02,Jodhpur,17.9,0.0,9.1
2023-10-03,Mumbai,18.9,0.0,6.1
2023-10-03,Delhi,8.0,0.0,7.0
2023-10-03,Dehradun,5.4,0.0,10.8
2023-10-03,Jodhpur,11.8,0.0,9.1
2023-10-04,Mumbai,20.8,0.0,6.6
2023-10-04,Delhi,11.4,0.0,8.0
2023-10-04,Dehradun,10.4,0.0,7.1
2023-10-04,Jodhpur,11.8,0.0,7.4
2023-10-05,Mumbai,20.6,0.0,14.7
2023-10-05,Delhi,8.6,0.0,9.2
2023-10-05,Dehradun,7.9,0.6,7.9
2023-10-05,Jodhpur,13.1,0.0,9.8
2023-10-06,Mumbai,22.8,0.0,6.2
2023-10-06,Delhi,12.3,0.0,8.3
2023-10-06,Dehradun,7.8,0.0,6.7
2023-10-06,Jodhpur,16.1,0.0,14.9
2023-10-07,Mumbai,21.2,0.5,12.0
2023-10-07,Delhi,13.2,0.0,9.5
2023-10-07,Dehradun,11.1,0.0,11.1
2023-10-07,Jodhpur,10.4,0.0,9.2
2023-10-08,Mumbai,26.6,0.0,5.4
2023-10-08,Delhi,9.8,0.0,6.2
2023-10-08,Dehradun,6.3,0.0,7.0
2023-10-08,Jodhpur,14.6,2.9,9.2
2023-10-09,Mumbai,20.4,0.0,7.0
2023-10-09,Delhi,14.2,0.0,6.9
2023-10-09,Dehradun,8.4,0.0,6.2
2023-10-09,Jodhpur,14.3,0.0,5.2
2023-10-10,Mumbai,26.1,0.0,8.8
2023-10-10,Delhi,10.4,0.0,7.0
2023-10-10,Dehradun,7.2,0.0,8.7
2023-10-10,Jodhpur,15.2,0.0,9.2
2023-10-11,Mumbai,20.9,0.0,6.5
2023-10-11,Delhi,8.1,0.0,12.0
2023-10-11,Dehradun,9.9,7.4,13.1
2023-10-11,Jodhpur,16.6,0.0,7.1
2023-10-12,Mumbai,21.9,2.4,6.9
2023-10-12,Delhi,9.9,0.0,8.9
2023-10-12,Dehradun,9.2,0.0,7.5
2023-10-12,Jodhpur,9.6,0.0,12.7
2023-10-13,Mumbai,23.9,0.0,9.3
2023-10-13,Delhi,8.3,0.0,5.5
2023-10-13,Dehradun,3.5,0.0,7.1
2023-10-13,Jodhpur,15.4,4.2,9.2
2023-10-14,Mumbai,18.8,0.0,7.8
2023-10-14,Delhi,12.4,0.0,8.9
2023-10-14,Dehradun,7.4,0.0,7.2
2023-10-14,Jodhpur,13.0,0.0,8.6
2023-10-15,Mumbai,20.8,0.0,12.0
2023-10-15,Delhi,6.6,0.0,10.7
2023-10-15,Dehradun,10.8,0.0,6.3
2023-10-15,Jodhpur,15.3,0.0,9.4
2023-10-16,Mumbai,20.4,2.0,9.2
2023-10-16,Delhi,12.6,0.0,11.0
2023-10-16,Dehradun,9.0,0.0,7.3
2023-10-16,Jodhpur,15.5,0.0,6.1
2023-10-17,Mumbai,22.6,0.0,8.2
2023-10-17,Delhi,6.8,0.0,9.5
2023-10-17,Dehradun,6.8,0.3,6.1
2023-10-17,Jodhpur,15.4,0.0,13.7
2023-10-18,Mumbai,23.1,0.0,9.0
2023-10-18,Delhi,9.9,0.0,11.1
2023-10-18,Dehradun,4.1,0.6,10.5
2023-10-18,Jodhpur,14.5,1.2,8.7
2023-10-19,Mumbai,22.8,0.0,7.1
2023-10-19,Delhi,9.4,0.0,13.2
2023-10-19,Dehradun,7.3,0.0,6.2
2023-10-19,Jodhpur,15.1,0.0,13.2
2023-10-20,Mumbai,19.5,0.0,11.8
2023-10-20,Delhi,12.9,0.0,11.5
2023-10-20,Dehradun,7.8,9.6,9.8
2023-10-20,Jodhpur,12.2,8.5,6.2
2023-10-21,Mumbai,23.6,0.0,8.7
2023-10-21,Delhi,10.2,0.0,5.6
2023-10-21,Dehradun,4.1,0.0,8.7
2023-10-21,Jodhpur,13.8,0.0,8.0
2023-10-22,Mumbai,21.5,0.0,6.4
2023-10-22,Delhi,11.7,0.0,13.7
2023-10-22,Dehradun,5.1,0.5,6.3
2023-10-22,Jodhpur,17.4,0.0,7.1
2023-10-23,Mumbai,23.7,4.9,6.1
2023-10-23,Delhi,9.2,6.7,9.2
2023-10-23,Dehradun,6.8,0.0,7.6
2023-10-23,Jodhpur,12.5,0.0,7.8
2023-10-24,Mumbai,19.6,0.0,7.1
2023-10-24,Delhi,11.7,0.0,8.9
2023-10-24,Dehradun,6.0,0.0,7.9
2023-10-24,Jodhpur,16.4,0.0,7.3
2023-10-25,Mumbai,19.8,0.0,10.0
2023-10-25,Delhi,5.7,0.0,7.7
2023-10-25,Dehradun,10.6,0.0,7.8
2023-10-25,Jodhpur,15.9,0.0,6.2
2023-10-26,Mumbai,21.5,0.0,7.5
2023-10-26,Delhi,11.0,0.0,8.5
2023-10-26,Dehradun,4.0,3.8,7.7
2023-10-26,Jodhpur,16.1,0.0,6.1
2023-10-27,Mumbai,26.5,0.0,14.7
2023-10-27,Delhi,8.8,0.0,10.4
2023-10-27,Dehradun,6.9,0.0,10.3
2023-10-27,Jodhpur,11.4,0.0,10.1
2023-10-28,Mumbai,21.2,0.0,5.8
2023-10-28,Delhi,9.9,0.0,8.3
2023-10-28,Dehradun,8.4,0.0,15.2
2023-10-28,Jodhpur,13.2,0.0,7.9
2023-10-29,Mumbai,19.3,0.8,8.5
2023-10-29,Delhi,11.2,0.0,7.6
2023-10-29,Dehradun,6.1,0.0,13.8
2023-10-29,Jodhpur,13.4,0.0,10.6
2023-10-30,Mumbai,21.7,0.0,6.6
2023-10-30,Delhi,10.1,0.0,10.3
2023-10-30,Dehradun,4.7,0.4,6.0
2023-10-30,Jodhpur,15.5,0.0,11.8
2023-10-31,Mumbai,25.1,0.0,6.7
2023-10-31,Delhi,11.8,0.0,12.2
2023-10-31,Dehradun,6.7,0.0,5.7
2023-10-31,Jodhpur,11.5,0.0,6.0
2023-11-01,Mumbai,22.1,0.0,9.1
2023-11-01,Delhi,11.0,0.0,8.7
2023-11-01,Dehradun,12.2,1.0,7.0
2023-11-01,Jodhpur,18.7,0.0,7.2
2023-11-02,Mumbai,21.5,3.8,10.1
2023-11-02,Delhi,12.3,0.0,6.1
2023-11-02,Dehradun,9.7,2.2,7.7
2023-11-02,Jodhpur,15.9,0.0,7.6
2023-11-03,Mumbai,23.1,0.0,7.2
2023-11-03,Delhi,9.6,0.0,8.2
2023-11-03,Dehradun,10.2,0.0,11.5
2023-11-03,Jodhpur,14.3,0.0,8.4
2023-11-04,Mumbai,23.7,1.4,9.8
2023-11-04,Delhi,10.9,0.0,9.4
2023-11-04,Dehradun,9.3,3.9,6.6
2023-11-04,Jodhpur,15.4,0.3,7.4
2023-11-05,Mumbai,23.2,0.0,6.6
2023-11-05,Delhi,13.3,0.0,6.0
2023-11-05,Dehradun,10.1,0.0,11.7
2023-11-05,Jodhpur,16.9,0.0,6.6
2023-11-06,Mumbai,25.4,1.4,8.4
2023-11-06,Delhi,7.4,1.4,10.8
2023-11-06,Dehradun,12.0,1.0,8.2
2023-11-06,Jodhpur,21.4,0.0,7.6
2023-11-07,Mumbai,18.5,0.0,7.9
2023-11-07,Delhi,11.8,0.0,9.1
2023-11-07,Dehradun,10.6,0.0,5.4
2023-11-07,Jodhpur,16.9,0.0,8.2
2023-11-08,Mumbai,22.1,0.0,5.7
2023-11-08,Delhi,14.9,0.0,7.4
2023-11-08,Dehradun,10.9,0.0,6.7
2023-11-08,Jodhpur,16.5,0.0,7.7
2023-11-09,Mumbai,23.9,0.0,7.7
2023-11-09,Delhi,10.3,0.0,8.3
2023-11-09,Dehradun,9.5,1.6,9.0
2023-11-09,Jodhpur,17.9,0.6,12.9
2023-11-10,Mumbai,23.8,0.0,10.2
2023-11-10,Delhi,11.1,0.0,6.7
2023-11-10,Dehradun,8.0,0.0,8.5
2023-11-10,Jodhpur,17.2,0.0,8.0
2023-11-11,Mumbai,18.3,0.0,7.1
2023-11-11,Delhi,10.9,0.0,9.7
2023-11-11,Dehradun,10.7,0.0,8.7
2023-11-11,Jodhpur,17.6,0.0,11.4
2023-11-12,Mumbai,21.7,0.0,6.6
2023-11-12,Delhi,11.9,0.0,8.7
2023-11-12,Dehradun,8.6,1.4,20.5
2023-11-12,Jodhpur,18.2,0.0,11.1
2023-11-13,Mumbai,19.3,0.0,10.1
2023-11-13,Delhi,13.2,0.0,9.6
2023-11-13,Dehradun,8.0,0.0,8.8
2023-11-13,Jodhpur,16.7,0.0,7.4
2023-11-14,Mumbai,23.7,0.0,10.7
2023-11-14,Delhi,11.7,0.0,6.3
2023-11-14,Dehradun,6.2,0.0,7.7
2023-11-14,Jodhpur,13.9,0.0,7.3
2023-11-15,Mumbai,23.4,0.0,9.4
2023-11-15,Delhi,11.1,0.0,6.6
2023-11-15,Dehradun,9.1,0.0,13.1
2023-11-15,Jodhpur,12.2,0.0,7.4
2023-11-16,Mumbai,20.4,0.0,11.2
2023-11-16,Delhi,12.7,0.2,14.7
2023-11-16,Dehradun,10.2,0.0,9.6
2023-11-16,Jodhpur,14.9,0.0,6.0
2023-11-17,Mumbai,22.4,0.0,12.0
2023-11-17,Delhi,7.6,0.0,7.3
2023-11-17,Dehradun,10.7,0.3,9.4
2023-11-17,Jodhpur,15.9,0.0,5.9
2023-11-18,Mumbai,25.2,0.0,17.9
2023-11-18,Delhi,14.4,0.0,11.7
2023-11-18,Dehradun,8.8,1.7,10.8
2023-11-18,Jodhpur,17.8,0.0,7.9
2023-11-19,Mumbai,24.8,0.0,7.6
2023-11-19,Delhi,9.9,0.0,6.9
2023-11-19,Dehradun,9.1,0.0,7.6
2023-11-19,Jodhpur,18.8,0.0,6.3
2023-11-20,Mumbai,18.5,0.0,13.3
2023-11-20,Delhi,12.2,0.0,6.1
2023-11-20,Dehradun,11.4,2.6,15.8
2023-11-20,Jodhpur,17.8,0.0,23.7
2023-11-21,Mumbai,23.9,0.0,6.5
2023-11-21,Delhi,7.2,0.0,9.2
2023-11-21,Dehradun,13.2,0.0,6.8
2023-11-21,Jodhpur,16.9,0.0,6.4
2023-11-22,Mumbai,21.0,0.0,7.6
2023-11-22,Delhi,14.5,0.0,8.5
2023-11-22,Dehradun,10.2,0.0,7.1
2023-11-22,Jodhpur,15.9,6.9,16.9
2023-11-23,Mumbai,22.6,0.0,6.8
2023-11-23,Delhi,16.6,0.0,6.1
2023-11-23,Dehradun,12.2,0.0,8.4
2023-11-23,Jodhpur,17.3,4.4,9.9
2023-11-24,Mumbai,21.7,0.0,8.4
2023-11-24,Delhi,13.8,0.0,17.0
2023-11-24,Dehradun,7.9,0.0,8.7
2023-11-24,Jodhpur,15.8,0.0,5.5
2023-11-25,Mumbai,23.5,0.5,11.0
2023-11-25,Delhi,9.6,0.0,6.2
2023-11-25,Dehradun,9.3,1.0,7.4
2023-11-25,Jodhpur,12.1,2.9,6.0
2023-11-26,Mumbai,22.6,0.0,9.1
2023-11-26,Delhi,9.7,2.9,7.8
2023-11-26,Dehradun,12.8,4.3,10.3
2023-11-26,Jodhpur,16.5,0.0,13.8
2023-11-27,Mumbai,22.8,0.0,6.3
2023-11-27,Delhi,13.9,1.3,18.7
2023-11-27,Dehradun,12.0,1.1,8.8
2023-11-27,Jodhpur,13.1,0.0,15.0
2023-11-28,Mumbai,24.4,0.6,6.2
2023-11-28,Delhi,12.1,0.0,6.9
2023-11-28,Dehradun,11.0,2.1,12.4
2023-11-28,Jodhpur,16.7,0.0,8.9
2023-11-29,Mumbai,20.5,0.0,8.5
2023-11-29,Delhi,11.9,1.0,5.9
2023-11-29,Dehradun,11.1,0.0,14.1
2023-11-29,Jodhpur,15.2,0.0,6.5
2023-11-30,Mumbai,21.4,0.0,10.2
2023-11-30,Delhi,13.2,3.9,10.4
2023-11-30,Dehradun,10.4,0.0,9.6
2023-11-30,Jodhpur,16.8,0.3,10.6
2023-12-01,Mumbai,25.8,0.0,7.0
2023-12-01,Delhi,16.7,1.6,11.9
2023-12-01,Dehradun,13.8,0.0,7.8
2023-12-01,Jodhpur,25.6,0.0,6.6
2023-12-02,Mumbai,22.8,0.0,8.3
2023-12-02,Delhi,17.1,0.0,6.2
2023-12-02,Dehradun,13.8,0.0,8.4
2023-12-02,Jodhpur,20.0,0.0,8.0
2023-12-03,Mumbai,23.0,0.0,6.2
2023-12-03,Delhi,16.7,0.0,6.4
2023-12-03,Dehradun,11.4,0.0,5.5
2023-12-03,Jodhpur,21.4,0.6,7.3
2023-12-04,Mumbai,26.5,2.7,8.8
2023-12-04,Delhi,15.7,0.0,15.1
2023-12-04,Dehradun,15.1,0.0,7.0
2023-12-04,Jodhpur,23.1,0.0,7.5
2023-12-05,Mumbai,23.8,1.7,7.2
2023-12-05,Delhi,14.1,1.5,12.6
2023-12-05,Dehradun,14.2,0.7,6.3
2023-12-05,Jodhpur,19.5,0.0,10.9
2023-12-06,Mumbai,22.8,0.0,10.3
2023-12-06,Delhi,16.4,0.0,9.3
2023-12-06,Dehradun,16.6,0.0,8.8
2023-12-06,Jodhpur,22.1,0.0,15.7
2023-12-07,Mumbai,25.3,0.0,6.6
2023-12-07,Delhi,18.9,0.0,7.7
2023-12-07,Dehradun,17.2,0.0,7.6
2023-12-07,Jodhpur,20.4,0.0,9.8
2023-12-08,Mumbai,25.1,0.2,10.3
2023-12-08,Delhi,15.6,0.0,7.1
2023-12-08,Dehradun,12.4,0.0,6.2
2023-12-08,Jodhpur,17.7,0.0,16.8
2023-12-09,Mumbai,25.0,0.0,9.5
2023-12-09,Delhi,19.7,0.0,7.1
2023-12-09,Dehradun,11.3,0.0,10.6
2023-12-09,Jodhpur,18.6,0.7,10.5
2023-12-10,Mumbai,25.7,0.0,5.3
2023-12-10,Delhi,18.9,1.7,6.3
2023-12-10,Dehradun,11.6,0.7,13.2
2023-12-10,Jodhpur,19.6,0.0,13.4
2023-12-11,Mumbai,28.5,0.2,10.0
2023-12-11,Delhi,19.2,1.1,10.0
2023-12-11,Dehradun,11.0,0.0,7.5
2023-12-11,Jodhpur,24.8,0.0,5.8
2023-12-12,Mumbai,24.1,0.0,13.3
2023-12-12,Delhi,15.5,0.0,7.3
2023-12-12,Dehradun,14.4,1.3,7.2
2023-12-12,Jodhpur,21.4,0.0,9.7
2023-12-13,Mumbai,21.0,0.0,9.0
2023-12-13,Delhi,19.9,0.0,6.7
2023-12-13,Dehradun,13.0,0.0,7.5
2023-12-13,Jodhpur,22.5,2.0,7.7
2023-12-14,Mumbai,22.1,0.0,9.1
2023-12-14,Delhi,17.5,0.0,10.2
2023-12-14,Dehradun,6.8,0.0,9.5
2023-12-14,Jodhpur,21.7,0.7,5.6
2023-12-15,Mumbai,22.7,0.0,8.2
2023-12-15,Delhi,17.7,0.0,7.9
2023-12-15,Dehradun,11.0,0.0,7.2
2023-12-15,Jodhpur,24.2,0.0,6.2
2023-12-16,Mumbai,24.4,3.9,7.9
2023-12-16,Delhi,21.2,6.7,10.2
2023-12-16,Dehradun,12.9,0.0,6.5
2023-12-16,Jodhpur,24.4,0.0,11.0
2023-12-17,Mumbai,24.5,0.0,13.2
2023-12-17,Delhi,14.5,4.9,7.5
2023-12-17,Dehradun,11.4,0.0,12.0
2023-12-17,Jodhpur,18.0,2.0,5.4
2023-12-18,Mumbai,25.1,0.0,9.9
2023-12-18,Delhi,17.7,0.0,5.7
2023-12-18,Dehradun,16.3,0.0,7.2
2023-12-18,Jodhpur,20.0,0.0,6.8
2023-12-19,Mumbai,25.8,0.0,7.1
2023-12-19,Delhi,15.1,0.0,11.3
2023-12-19,Dehradun,13.8,0.0,11.5
2023-12-19,Jodhpur,21.0,0.0,6.7
2023-12-20,Mumbai,21.0,0.0,8.6
2023-12-20,Delhi,16.8,0.0,10.4
2023-12-20,Dehradun,12.8,0.0,9.3
2023-12-20,Jodhpur,20.9,0.0,6.6
2023-12-21,Mumbai,23.4,1.9,10.4
2023-12-21,Delhi,17.2,0.0,16.6
2023-12-21,Dehradun,16.3,0.0,13.1
2023-12-21,Jodhpur,23.0,0.0,8.0
2023-12-22,Mumbai,22.8,1.3,12.0
2023-12-22,Delhi,16.0,0.0,9.2
2023-12-22,Dehradun,14.5,0.0,14.0
2023-12-22,Jodhpur,21.8,0.0,7.9
2023-12-23,Mumbai,27.8,0.0,7.2
2023-12-23,Delhi,19.7,0.0,8.6
2023-12-23,Dehradun,14.1,0.0,8.7
2023-12-23,Jodhpur,21.9,0.0,7.4
2023-12-24,Mumbai,26.5,0.0,9.6
2023-12-24,Delhi,14.9,0.0,5.3
2023-12-24,Dehradun,17.2,3.0,10.6
2023-12-24,Jodhpur,21.1,0.7,6.3
2023-12-25,Mumbai,19.4,0.0,7.8
2023-12-25,Delhi,17.2,0.0,10.3
2023-12-25,Dehradun,14.5,0.0,9.8
2023-12-25,Jodhpur,22.3,0.0,6.8
2023-12-26,Mumbai,23.2,0.7,8.4
2023-12-26,Delhi,14.7,0.0,7.8
2023-12-26,Dehradun,12.7,0.0,9.7
2023-12-26,Jodhpur,23.6,0.0,8.3
2023-12-27,Mumbai,24.7,0.0,10.3
2023-12-27,Delhi,14.2,0.0,7.2
2023-12-27,Dehradun,15.5,0.0,12.2
2023-12-27,Jodhpur,22.3,0.0,13.7
2023-12-28,Mumbai,23.0,0.0,11.9
2023-12-28,Delhi,17.4,1.3,6.3
2023-12-28,Dehradun,13.9,0.0,8.4
2023-12-28,Jodhpur,22.4,0.0,9.1
2023-12-29,Mumbai,22.5,0.0,7.5
2023-12-29,Delhi,16.8,0.0,6.9
2023-12-29,Dehradun,14.4,0.0,16.0
2023-12-29,Jodhpur,23.0,0.0,12.3
2023-12-30,Mumbai,23.1,0.0,12.4
2023-12-30,Delhi,20.6,0.0,6.7
2023-12-30,Dehradun,14.8,0.0,9.5
2023-12-30,Jodhpur,20.4,0.0,8.6
2023-12-31,Mumbai,25.4,0.0,7.8
2023-12-31,Delhi,19.4,1.0,8.5
2023-12-31,Dehradun,11.2,0.1,10.3
2023-12-31,Jodhpur,24.5,0.0,11.8
2024-01-01,Mumbai,27.2,0.0,7.9
2024-01-01,Delhi,24.3,0.7,16.6
2024-01-01,Dehradun,19.1,0.0,10.2
2024-01-01,Jodhpur,28.8,0.0,9.3
2024-01-02,Mumbai,26.1,2.5,6.7
2024-01-02,Delhi,26.4,0.0,7.5
2024-01-02,Dehradun,20.5,0.6,8.5
2024-01-02,Jodhpur,30.6,0.0,14.4
2024-01-03,Mumbai,28.1,0.0,11.9
2024-01-03,Delhi,27.0,1.2,6.5
2024-01-03,Dehradun,18.4,1.0,7.4
2024-01-03,Jodhpur,28.5,2.9,8.4
2024-01-04,Mumbai,24.0,0.0,10.5
2024-01-04,Delhi,26.4,1.8,8.4
2024-01-04,Dehradun,15.2,0.0,12.9
2024-01-04,Jodhpur,20.9,1.6,9.4
2024-01-05,Mumbai,26.0,0.9,8.5
2024-01-05,Delhi,22.8,0.4,7.1
2024-01-05,Dehradun,17.0,0.0,6.0
2024-01-05,Jodhpur,27.7,0.0,9.3
2024-01-06,Mumbai,24.9,0.0,7.4
2024-01-06,Delhi,23.5,3.9,7.9
2024-01-06,Dehradun,19.9,0.0,5.4
2024-01-06,Jodhpur,29.1,0.0,9.4
2024-01-07,Mumbai,28.7,4.7,8.6
2024-01-07,Delhi,22.9,0.0,11.1
2024-01-07,Dehradun,20.8,3.8,7.8
2024-01-07,Jodhpur,28.8,0.0,7.0
2024-01-08,Mumbai,27.1,0.0,5.7
2024-01-08,Delhi,24.3,0.0,7.6
2024-01-08,Dehradun,15.2,0.0,8.6
2024-01-08,Jodhpur,28.7,0.0,7.4
2024-01-09,Mumbai,28.4,0.0,12.9
2024-01-09,Delhi,28.9,0.0,6.0
2024-01-09,Dehradun,21.0,0.0,8.6
2024-01-09,Jodhpur,27.9,0.0,6.0
2024-01-10,Mumbai,26.9,0.0,5.2
2024-01-10,Delhi,24.6,0.0,5.6
2024-01-10,Dehradun,19.0,0.0,11.5
2024-01-10,Jodhpur,26.6,1.5,6.4
2024-01-11,Mumbai,24.2,0.1,6.8
2024-01-11,Delhi,28.9,0.0,5.7
2024-01-11,Dehradun,25.7,0.0,7.1
2024-01-11,Jodhpur,26.8,0.0,5.9
2024-01-12,Mumbai,27.7,1.5,6.1
2024-01-12,Delhi,23.6,0.0,9.7
2024-01-12,Dehradun,24.2,0.0,8.1
2024-01-12,Jodhpur,31.9,0.0,5.7
2024-01-13,Mumbai,22.0,0.8,8.3
2024-01-13,Delhi,23.8,0.0,9.4
2024-01-13,Dehradun,21.4,0.0,8.2
2024-01-13,Jodhpur,30.4,0.0,6.0
2024-01-14,Mumbai,27.7,0.0,6.7
2024-01-14,Delhi,25.5,0.0,8.5
2024-01-14,Dehradun,18.4,0.0,8.0
2024-01-14,Jodhpur,26.3,1.6,6.2
2024-01-15,Mumbai,29.4,0.7,15.8
2024-01-15,Delhi,23.1,1.5,7.8
2024-01-15,Dehradun,19.8,2.3,10.4
2024-01-15,Jodhpur,31.5,0.0,10.4
2024-01-16,Mumbai,24.8,0.0,5.8
2024-01-16,Delhi,28.7,0.0,8.2
2024-01-16,Dehradun,22.6,0.0,6.5
2024-01-16,Jodhpur,29.3,0.0,6.5
2024-01-17,Mumbai,22.1,0.0,12.0
2024-01-17,Delhi,22.5,0.0,5.9
2024-01-17,Dehradun,19.6,0.0,7.9
2024-01-17,Jodhpur,28.4,0.0,9.3
2024-01-18,Mumbai,25.2,0.0,5.9
2024-01-18,Delhi,27.5,0.0,10.8
2024-01-18,Dehradun,17.5,0.0,5.6
2024-01-18,Jodhpur,27.1,13.6,5.8
2024-01-19,Mumbai,30.3,0.0,7.5
2024-01-19,Delhi,22.2,2.1,5.7
2024-01-19,Dehradun,22.0,0.0,7.1
2024-01-19,Jodhpur,23.0,0.0,9.2
2024-01-20,Mumbai,23.0,0.0,6.9
2024-01-20,Delhi,19.9,0.0,8.1
2024-01-20,Dehradun,20.2,0.2,9.7
2024-01-20,Jodhpur,29.6,0.2,5.5
2024-01-21,Mumbai,26.2,0.0,9.8
2024-01-21,Delhi,25.3,1.1,6.3
2024-01-21,Dehradun,21.3,10.8,8.8
2024-01-21,Jodhpur,28.5,0.7,6.5
2024-01-22,Mumbai,27.2,0.0,5.2
2024-01-22,Delhi,27.5,0.0,5.7
2024-01-22,Dehradun,17.4,0.0,10.7
2024-01-22,Jodhpur,28.0,2.4,5.7
2024-01-23,Mumbai,24.8,0.0,5.6
2024-01-23,Delhi,25.3,0.4,6.9
2024-01-23,Dehradun,18.6,2.4,10.9
2024-01-23,Jodhpur,31.5,0.0,6.4
2024-01-24,Mumbai,24.3,0.0,7.8
2024-01-24,Delhi,26.2,0.0,10.8
2024-01-24,Dehradun,20.0,5.0,15.5
2024-01-24,Jodhpur,29.4,0.0,5.3
2024-01-25,Mumbai,30.3,2.4,10.2
2024-01-25,Delhi,25.2,0.0,6.3
2024-01-25,Dehradun,20.3,0.0,15.2
2024-01-25,Jodhpur,29.0,0.3,10.7
2024-01-26,Mumbai,25.0,0.0,9.9
2024-01-26,Delhi,27.3,0.0,6.1
2024-01-26,Dehradun,17.8,0.0,7.0
2024-01-26,Jodhpur,27.6,0.0,11.0
2024-01-27,Mumbai,29.3,1.2,6.6
2024-01-27,Delhi,22.6,0.0,9.0
2024-01-27,Dehradun,21.6,0.0,9.2
2024-01-27,Jodhpur,27.8,0.0,14.7
2024-01-28,Mumbai,26.8,0.0,7.6
2024-01-28,Delhi,24.9,0.0,7.4
2024-01-28,Dehradun,18.6,0.0,7.2
2024-01-28,Jodhpur,26.8,0.0,6.3
2024-01-29,Mumbai,28.2,0.0,10.6
2024-01-29,Delhi,24.4,0.0,16.9
2024-01-29,Dehradun,22.6,0.0,10.0
2024-01-29,Jodhpur,29.7,0.0,5.9
2024-01-30,Mumbai,29.4,0.0,6.8
2024-01-30,Delhi,28.5,0.0,21.9
2024-01-30,Dehradun,24.6,0.0,10.1
2024-01-30,Jodhpur,29.5,0.0,11.0
2024-01-31,Mumbai,26.3,0.0,9.9
2024-01-31,Delhi,23.3,0.0,15.1
2024-01-31,Dehradun,21.5,0.0,12.9
2024-01-31,Jodhpur,28.1,0.0,7.2
2024-02-01,Mumbai,26.9,0.0,6.9
2024-02-01,Delhi,32.2,1.6,10.8
2024-02-01,Dehradun,25.7,1.6,6.6
2024-02-01,Jodhpur,36.4,0.0,9.0
2024-02-02,Mumbai,29.9,0.0,6.8
2024-02-02,Delhi,31.8,0.0,5.5
2024-02-02,Dehradun,24.3,0.0,11.9
2024-02-02,Jodhpur,33.5,0.0,9.4
2024-02-03,Mumbai,27.8,4.4,11.2
2024-02-03,Delhi,31.0,0.0,8.9
2024-02-03,Dehradun,28.3,0.0,13.9
2024-02-03,Jodhpur,35.6,0.0,7.1
2024-02-04,Mumbai,27.9,0.0,6.2
2024-02-04,Delhi,34.7,1.5,7.1
2024-02-04,Dehradun,21.7,0.0,8.0
2024-02-04,Jodhpur,32.0,0.0,9.0
2024-02-05,Mumbai,28.0,0.0,6.6
2024-02-05,Delhi,33.9,0.0,9.6
2024-02-05,Dehradun,25.7,0.0,6.5
2024-02-05,Jodhpur,35.3,0.0,11.1
2024-02-06,Mumbai,32.7,0.0,7.0
2024-02-06,Delhi,32.2,0.0,9.6
2024-02-06,Dehradun,25.2,0.0,6.0
2024-02-06,Jodhpur,34.7,0.0,6.1
2024-02-07,Mumbai,31.4,0.0,7.6
2024-02-07,Delhi,32.4,1.9,6.7
2024-02-07,Dehradun,23.9,0.0,8.3
2024-02-07,Jodhpur,37.0,0.0,10.4
2024-02-08,Mumbai,25.9,0.0,5.7
2024-02-08,Delhi,29.5,0.4,11.7
2024-02-08,Dehradun,30.6,0.0,15.9
2024-02-08,Jodhpur,34.2,0.0,8.7
2024-02-09,Mumbai,31.5,0.0,8.7
2024-02-09,Delhi,31.5,0.0,6.0
2024-02-09,Dehradun,26.0,1.2,6.1
2024-02-09,Jodhpur,35.9,0.0,10.8
2024-02-10,Mumbai,29.9,0.0,11.5
2024-02-10,Delhi,31.6,0.0,12.9
2024-02-10,Dehradun,28.0,0.0,5.2
2024-02-10,Jodhpur,36.6,0.0,6.2
2024-02-11,Mumbai,33.0,0.0,6.3
2024-02-11,Delhi,33.8,3.0,7.3
2024-02-11,Dehradun,27.1,0.0,10.3
2024-02-11,Jodhpur,33.9,0.0,7.5
2024-02-12,Mumbai,28.7,0.0,5.3
2024-02-12,Delhi,30.5,0.0,7.5
2024-02-12,Dehradun,25.7,0.1,9.2
2024-02-12,Jodhpur,39.1,0.3,9.3
2024-02-13,Mumbai,28.8,0.0,10.6
2024-02-13,Delhi,31.7,0.0,8.6
2024-02-13,Dehradun,27.8,2.0,7.9
2024-02-13,Jodhpur,35.1,0.0,11.3
2024-02-14,Mumbai,31.1,0.0,11.2
2024-02-14,Delhi,33.8,0.0,6.3
2024-02-14,Dehradun,27.3,0.0,10.4
2024-02-14,Jodhpur,35.9,0.0,11.6
2024-02-15,Mumbai,28.1,0.0,7.5
2024-02-15,Delhi,34.3,0.0,8.1
2024-02-15,Dehradun,24.8,1.7,9.1
2024-02-15,Jodhpur,33.4,0.0,11.1
2024-02-16,Mumbai,29.1,0.0,12.5
2024-02-16,Delhi,34.7,0.0,10.5
2024-02-16,Dehradun,27.9,0.0,8.1
2024-02-16,Jodhpur,34.2,0.0,13.0
2024-02-17,Mumbai,28.5,0.0,10.2
2024-02-17,Delhi,35.1,0.0,5.9
2024-02-17,Dehradun,25.8,0.0,8.6
2024-02-17,Jodhpur,35.3,0.6,8.2
2024-02-18,Mumbai,28.6,0.0,15.5
2024-02-18,Delhi,34.4,0.0,10.2
2024-02-18,Dehradun,25.8,0.0,5.7
2024-02-18,Jodhpur,35.0,0.0,7.5
2024-02-19,Mumbai,26.0,0.0,16.0
2024-02-19,Delhi,34.3,0.0,9.8
2024-02-19,Dehradun,22.4,0.0,12.4
2024-02-19,Jodhpur,34.3,0.0,7.3
2024-02-20,Mumbai,30.3,0.0,8.7
2024-02-20,Delhi,36.7,1.5,5.9
2024-02-20,Dehradun,30.1,8.9,5.8
2024-02-20,Jodhpur,32.5,0.0,9.6
2024-02-21,Mumbai,29.5,0.0,14.2
2024-02-21,Delhi,30.6,0.0,15.1
2024-02-21,Dehradun,24.7,0.0,7.2
2024-02-21,Jodhpur,33.2,0.0,9.2
2024-02-22,Mumbai,31.0,0.0,6.8
2024-02-22,Delhi,35.5,0.0,6.3
2024-02-22,Dehradun,26.1,0.0,9.9
2024-02-22,Jodhpur,36.9,0.0,13.2
2024-02-23,Mumbai,29.0,0.0,10.0
2024-02-23,Delhi,33.6,0.0,6.6
2024-02-23,Dehradun,25.6,0.0,6.3
2024-02-23,Jodhpur,34.0,0.0,8.0
2024-02-24,Mumbai,30.5,1.3,7.2
2024-02-24,Delhi,29.7,0.0,11.2
2024-02-24,Dehradun,24.5,0.0,7.3
2024-02-24,Jodhpur,30.5,1.0,9.3
2024-02-25,Mumbai,28.5,0.0,6.0
2024-02-25,Delhi,33.7,0.0,5.6
2024-02-25,Dehradun,27.3,0.0,8.0
2024-02-25,Jodhpur,33.9,0.0,7.5
2024-02-26,Mumbai,28.8,0.0,7.5
2024-02-26,Delhi,28.4,0.0,11.6
2024-02-26,Dehradun,23.7,0.0,6.3
2024-02-26,Jodhpur,34.4,0.0,10.7
2024-02-27,Mumbai,30.0,0.0,6.4
2024-02-27,Delhi,35.3,0.0,7.8
2024-02-27,Dehradun,29.6,0.0,9.6
2024-02-27,Jodhpur,35.9,0.0,6.7
2024-02-28,Mumbai,26.0,0.0,6.5
2024-02-28,Delhi,34.1,0.0,8.8
2024-02-28,Dehradun,23.5,0.6,12.8
2024-02-28,Jodhpur,36.0,0.0,6.1
2024-02-29,Mumbai,32.3,0.0,6.7
2024-02-29,Delhi,31.9,0.0,14.9
2024-02-29,Dehradun,26.3,0.0,7.5
2024-02-29,Jodhpur,34.9,4.1,11.2
2024-03-01,Mumbai,27.8,0.0,9.8
2024-03-01,Delhi,38.0,0.0,10.1
2024-03-01,Dehradun,29.1,0.0,7.8
2024-03-01,Jodhpur,40.3,0.0,11.2
2024-03-02,Mumbai,29.3,0.0,7.1
2024-03-02,Delhi,37.0,0.0,12.5
2024-03-02,Dehradun,27.3,0.0,14.2
2024-03-02,Jodhpur,41.4,0.0,9.6
2024-03-03,Mumbai,29.4,0.0,10.3
2024-03-03,Delhi,37.7,4.0,8.7
2024-03-03,Dehradun,31.8,1.1,13.4
2024-03-03,Jodhpur,41.5,0.0,8.2
2024-03-04,Mumbai,32.5,0.0,9.9
2024-03-04,Delhi,39.0,0.0,8.2
2024-03-04,Dehradun,30.3,0.0,7.2
2024-03-04,Jodhpur,37.4,0.0,8.9
2024-03-05,Mumbai,30.0,0.0,8.5
2024-03-05,Delhi,37.3,0.0,7.2
2024-03-05,Dehradun,29.8,0.0,14.1
2024-03-05,Jodhpur,36.1,0.0,6.0
2024-03-06,Mumbai,29.0,0.0,7.4
2024-03-06,Delhi,39.0,0.0,7.3
2024-03-06,Dehradun,31.7,0.8,6.6
2024-03-06,Jodhpur,40.5,0.0,10.4
2024-03-07,Mumbai,33.3,0.0,10.7
2024-03-07,Delhi,38.0,0.0,5.8
2024-03-07,Dehradun,29.9,0.0,5.2
2024-03-07,Jodhpur,40.5,0.9,6.2
2024-03-08,Mumbai,31.0,0.0,14.0
2024-03-08,Delhi,38.8,0.0,6.6
2024-03-08,Dehradun,28.9,0.0,6.8
2024-03-08,Jodhpur,39.4,0.0,7.7
2024-03-09,Mumbai,30.7,0.0,7.6
2024-03-09,Delhi,34.8,0.0,5.7
2024-03-09,Dehradun,29.2,0.0,6.0
2024-03-09,Jodhpur,39.5,0.0,10.3
2024-03-10,Mumbai,33.5,0.0,10.3
2024-03-10,Delhi,37.8,0.0,9.7
2024-03-10,Dehradun,30.2,4.6,11.0
2024-03-10,Jodhpur,38.9,0.0,11.1
2024-03-11,Mumbai,25.9,0.0,6.8
2024-03-11,Delhi,36.1,0.0,9.4
2024-03-11,Dehradun,31.8,0.0,9.4
2024-03-11,Jodhpur,40.4,0.0,11.4
2024-03-12,Mumbai,32.9,0.0,6.9
2024-03-12,Delhi,36.9,0.0,10.5
2024-03-12,Dehradun,30.3,10.3,6.0
2024-03-12,Jodhpur,40.5,0.0,6.2
2024-03-13,Mumbai,29.4,0.0,10.8
2024-03-13,Delhi,38.3,0.0,13.0
2024-03-13,Dehradun,32.3,0.0,8.1
2024-03-13,Jodhpur,41.7,0.0,6.1
2024-03-14,Mumbai,30.8,0.0,8.2
2024-03-14,Delhi,37.2,0.0,10.6
2024-03-14,Dehradun,30.9,0.0,8.9
2024-03-14,Jodhpur,43.0,0.0,8.1
2024-03-15,Mumbai,33.3,0.0,11.8
2024-03-15,Delhi,39.2,0.0,13.5
2024-03-15,Dehradun,30.5,0.0,9.0
2024-03-15,Jodhpur,38.7,0.0,7.3
2024-03-16,Mumbai,31.7,0.0,7.4
2024-03-16,Delhi,38.8,0.0,8.2
2024-03-16,Dehradun,32.5,4.6,5.6
2024-03-16,Jodhpur,39.3,0.0,6.4
2024-03-17,Mumbai,29.5,0.0,6.4
2024-03-17,Delhi,39.0,0.0,11.2
2024-03-17,Dehradun,28.9,0.0,5.4
2024-03-17,Jodhpur,35.4,0.0,17.0
2024-03-18,Mumbai,31.6,0.0,10.9
2024-03-18,Delhi,37.6,0.0,5.3
2024-03-18,Dehradun,31.2,0.0,14.7
2024-03-18,Jodhpur,38.9,0.0,5.3
2024-03-19,Mumbai,29.0,0.0,11.1
2024-03-19,Delhi,38.6,10.0,7.7
2024-03-19,Dehradun,29.7,0.2,12.5
2024-03-19,Jodhpur,40.1,0.0,10.4
2024-03-20,Mumbai,30.5,0.0,6.2
2024-03-20,Delhi,39.4,0.0,11.2
2024-03-20,Dehradun,29.2,0.0,14.1
2024-03-20,Jodhpur,43.3,0.0,6.4
2024-03-21,Mumbai,29.5,0.0,6.6
2024-03-21,Delhi,37.7,0.0,7.5
2024-03-21,Dehradun,27.8,0.0,6.6
2024-03-21,Jodhpur,35.9,0.0,5.4
2024-03-22,Mumbai,28.4,0.0,16.6
2024-03-22,Delhi,41.7,0.0,10.7
2024-03-22,Dehradun,29.2,0.0,5.8
2024-03-22,Jodhpur,40.1,0.0,9.6
2024-03-23,Mumbai,29.8,0.0,9.4
2024-03-23,Delhi,35.6,0.0,7.1
2024-03-23,Dehradun,29.9,0.0,15.9
2024-03-23,Jodhpur,38.4,0.0,9.6
2024-03-24,Mumbai,36.4,3.5,6.4
2024-03-24,Delhi,36.4,0.0,6.6
2024-03-24,Dehradun,28.9,0.0,8.3
2024-03-24,Jodhpur,42.1,0.0,6.0
2024-03-25,Mumbai,31.5,0.0,12.5
2024-03-25,Delhi,34.0,0.0,8.2
2024-03-25,Dehradun,32.4,0.0,7.6
2024-03-25,Jodhpur,38.9,0.0,6.1
2024-03-26,Mumbai,29.6,0.0,11.0
2024-03-26,Delhi,37.9,0.0,8.9
2024-03-26,Dehradun,33.8,0.0,14.1
2024-03-26,Jodhpur,40.2,0.0,6.9
2024-03-27,Mumbai,31.8,0.0,6.6
2024-03-27,Delhi,37.2,0.0,9.9
2024-03-27,Dehradun,29.6,0.0,8.3
2024-03-27,Jodhpur,41.3,0.0,10.1
2024-03-28,Mumbai,30.3,0.0,6.8
2024-03-28,Delhi,39.2,0.0,8.0
2024-03-28,Dehradun,31.9,0.0,6.8
2024-03-28,Jodhpur,39.3,0.0,10.9
2024-03-29,Mumbai,30.3,0.0,10.5
2024-03-29,Delhi,38.6,0.0,7.2
2024-03-29,Dehradun,33.8,0.0,6.3
2024-03-29,Jodhpur,40.2,0.0,8.0
2024-03-30,Mumbai,27.9,0.0,7.6
2024-03-30,Delhi,40.3,0.0,7.7
2024-03-30,Dehradun,29.8,0.9,12.9
2024-03-30,Jodhpur,42.0,0.0,5.5
2024-03-31,Mumbai,33.1,0.3,11.7
2024-03-31,Delhi,35.3,0.0,6.6
2024-03-31,Dehradun,27.9,0.0,10.5
2024-03-31,Jodhpur,40.2,0.0,10.7
2024-04-01,Mumbai,32.3,0.0,7.3
2024-04-01,Delhi,41.2,0.0,9.0
2024-04-01,Dehradun,32.2,0.0,7.2
2024-04-01,Jodhpur,41.9,0.0,7.6
2024-04-02,Mumbai,31.2,0.0,8.6
2024-04-02,Delhi,44.7,1.9,14.2
2024-04-02,Dehradun,28.1,0.0,7.7
2024-04-02,Jodhpur,40.7,0.0,5.9
2024-04-03,Mumbai,36.2,0.0,10.1
2024-04-03,Delhi,41.9,0.0,7.0
2024-04-03,Dehradun,31.4,7.9,7.7
2024-04-03,Jodhpur,42.0,0.0,6.7
2024-04-04,Mumbai,32.3,0.0,8.5
2024-04-04,Delhi,40.2,0.0,13.7
2024-04-04,Dehradun,34.7,0.0,9.6
2024-04-04,Jodhpur,42.7,0.0,18.1
2024-04-05,Mumbai,26.5,0.0,11.6
2024-04-05,Delhi,45.1,0.0,7.5
2024-04-05,Dehradun,32.6,0.0,8.2
2024-04-05,Jodhpur,42.5,0.0,11.8
2024-04-06,Mumbai,35.2,0.0,7.7
2024-04-06,Delhi,41.7,0.0,11.7
2024-04-06,Dehradun,31.4,0.0,9.3
2024-04-06,Jodhpur,42.9,0.0,5.6
2024-04-07,Mumbai,33.1,0.0,5.4
2024-04-07,Delhi,41.5,0.0,9.3
2024-04-07,Dehradun,34.1,0.0,5.1
2024-04-07,Jodhpur,44.2,0.0,11.6
2024-04-08,Mumbai,35.5,0.0,5.7
2024-04-08,Delhi,41.3,0.0,5.4
2024-04-08,Dehradun,33.2,0.0,12.4
2024-04-08,Jodhpur,40.5,0.0,7.7
2024-04-09,Mumbai,32.1,0.0,5.8
2024-04-09,Delhi,41.1,0.0,5.5
2024-04-09,Dehradun,31.6,0.0,15.3
2024-04-09,Jodhpur,42.4,0.0,6.0
2024-04-10,Mumbai,29.9,0.0,5.6
2024-04-10,Delhi,41.2,0.0,6.0
2024-04-10,Dehradun,33.8,0.0,8.8
2024-04-10,Jodhpur,38.1,0.0,5.5
2024-04-11,Mumbai,30.2,0.0,7.9
2024-04-11,Delhi,42.5,0.0,9.7
2024-04-11,Dehradun,33.4,0.0,7.6
2024-04-11,Jodhpur,38.7,0.0,10.1
2024-04-12,Mumbai,32.2,1.6,8.1
2024-04-12,Delhi,39.6,3.9,6.8
2024-04-12,Dehradun,30.6,3.8,7.1
2024-04-12,Jodhpur,44.7,0.0,8.4
2024-04-13,Mumbai,28.6,0.0,9.2
2024-04-13,Delhi,41.0,0.0,13.3
2024-04-13,Dehradun,30.5,0.0,6.5
2024-04-13,Jodhpur,43.3,0.0,12.3
2024-04-14,Mumbai,30.4,0.0,9.1
2024-04-14,Delhi,39.9,0.0,6.8
2024-04-14,Dehradun,31.8,0.0,12.0
2024-04-14,Jodhpur,42.1,0.0,7.9
2024-04-15,Mumbai,33.2,0.0,12.4
2024-04-15,Delhi,38.1,0.0,9.2
2024-04-15,Dehradun,31.3,0.0,8.4
2024-04-15,Jodhpur,43.4,0.0,7.7
2024-04-16,Mumbai,27.9,5.6,17.2
2024-04-16,Delhi,39.1,0.0,8.1
2024-04-16,Dehradun,33.0,0.0,8.7
2024-04-16,Jodhpur,45.3,0.0,16.5
2024-04-17,Mumbai,33.3,0.0,5.9
2024-04-17,Delhi,43.4,1.4,7.0
2024-04-17,Dehradun,35.1,0.0,12.1
2024-04-17,Jodhpur,37.5,0.0,8.3
2024-04-18,Mumbai,29.8,0.0,8.8
2024-04-18,Delhi,41.3,0.0,9.0
2024-04-18,Dehradun,33.5,0.0,7.7
2024-04-18,Jodhpur,42.6,0.0,10.4
2024-04-19,Mumbai,31.1,0.0,6.6
2024-04-19,Delhi,38.7,0.0,8.0
2024-04-19,Dehradun,32.0,0.0,9.3
2024-04-19,Jodhpur,40.5,0.0,10.6
2024-04-20,Mumbai,35.6,0.0,7.0
2024-04-20,Delhi,44.9,0.0,16.5
2024-04-20,Dehradun,32.0,0.0,8.0
2024-04-20,Jodhpur,40.7,0.0,11.1
2024-04-21,Mumbai,32.2,0.0,8.8
2024-04-21,Delhi,38.3,0.0,11.3
2024-04-21,Dehradun,31.5,0.0,6.3
2024-04-21,Jodhpur,41.9,0.0,6.7
2024-04-22,Mumbai,34.7,0.0,16.4
2024-04-22,Delhi,39.9,0.0,12.0
2024-04-22,Dehradun,34.1,1.3,5.9
2024-04-22,Jodhpur,41.5,0.0,5.9
2024-04-23,Mumbai,33.4,0.0,6.2
2024-04-23,Delhi,38.5,0.0,8.0
2024-04-23,Dehradun,29.9,0.0,12.3
2024-04-23,Jodhpur,43.0,0.0,6.8
2024-04-24,Mumbai,31.1,0.0,17.1
2024-04-24,Delhi,40.6,0.0,6.0
2024-04-24,Dehradun,30.0,0.0,8.0
2024-04-24,Jodhpur,40.5,0.0,10.5
2024-04-25,Mumbai,34.9,0.0,8.5
2024-04-25,Delhi,36.9,0.0,10.2
2024-04-25,Dehradun,32.2,3.2,8.2
2024-04-25,Jodhpur,38.5,0.0,7.0
2024-04-26,Mumbai,32.8,0.0,7.3
2024-04-26,Delhi,38.0,0.0,6.5
2024-04-26,Dehradun,34.8,0.0,7.2
2024-04-26,Jodhpur,44.4,0.0,9.2
2024-04-27,Mumbai,31.5,0.0,6.7
2024-04-27,Delhi,41.3,2.4,7.5
2024-04-27,Dehradun,35.0,0.0,10.0
2024-04-27,Jodhpur,39.6,0.0,16.5
2024-04-28,Mumbai,31.1,2.9,10.0
2024-04-28,Delhi,40.8,0.2,11.0
2024-04-28,Dehradun,31.3,0.0,9.9
2024-04-28,Jodhpur,42.9,2.3,12.9
2024-04-29,Mumbai,32.2,0.0,8.4
2024-04-29,Delhi,36.3,3.1,13.4
2024-04-29,Dehradun,32.8,0.0,10.9
2024-04-29,Jodhpur,39.9,0.7,5.5
2024-04-30,Mumbai,34.4,4.9,7.7
2024-04-30,Delhi,36.6,13.2,10.8
2024-04-30,Dehradun,30.2,0.0,8.3
2024-04-30,Jodhpur,41.5,0.0,6.2
2024-05-01,Mumbai,33.4,0.0,7.6
2024-05-01,Delhi,35.6,0.0,8.4
2024-05-01,Dehradun,27.5,0.0,7.3
2024-05-01,Jodhpur,40.7,0.0,5.8
2024-05-02,Mumbai,32.6,0.0,8.6
2024-05-02,Delhi,39.6,0.0,10.8
2024-05-02,Dehradun,29.4,3.5,10.1
2024-05-02,Jodhpur,38.3,0.0,11.8
2024-05-03,Mumbai,29.4,0.0,6.6
2024-05-03,Delhi,39.1,0.0,7.3
2024-05-03,Dehradun,25.7,2.5,6.1
2024-05-03,Jodhpur,37.8,0.0,7.6
2024-05-04,Mumbai,30.6,0.0,11.4
2024-05-04,Delhi,37.4,0.0,8.1
2024-05-04,Dehradun,33.9,5.2,8.4
2024-05-04,Jodhpur,41.9,0.0,10.5
2024-05-05,Mumbai,32.0,3.4,7.1
2024-05-05,Delhi,37.4,0.0,12.6
2024-05-05,Dehradun,31.3,0.0,7.7
2024-05-05,Jodhpur,38.6,0.0,6.3
2024-05-06,Mumbai,30.3,0.0,7.9
2024-05-06,Delhi,41.4,0.0,8.7
2024-05-06,Dehradun,29.1,0.0,5.2
2024-05-06,Jodhpur,38.5,0.0,7.2
2024-05-07,Mumbai,31.8,0.0,7.3
2024-05-07,Delhi,41.6,0.0,7.7
2024-05-07,Dehradun,32.4,2.2,5.7
2024-05-07,Jodhpur,42.1,0.0,8.1
2024-05-08,Mumbai,31.0,1.1,10.1
2024-05-08,Delhi,40.5,0.0,10.2
2024-05-08,Dehradun,29.3,0.0,6.3
2024-05-08,Jodhpur,38.7,0.0,7.6
2024-05-09,Mumbai,32.5,0.0,8.2
2024-05-09,Delhi,39.6,0.0,13.2
2024-05-09,Dehradun,30.4,0.0,6.4
2024-05-09,Jodhpur,40.8,0.0,16.1
2024-05-10,Mumbai,33.0,0.0,9.1
2024-05-10,Delhi,36.3,0.0,7.8
2024-05-10,Dehradun,27.3,0.0,6.2
2024-05-10,Jodhpur,40.9,0.0,5.6
2024-05-11,Mumbai,30.6,0.0,6.1
2024-05-11,Delhi,35.8,0.0,8.4
2024-05-11,Dehradun,28.9,0.0,5.9
2024-05-11,Jodhpur,39.0,0.0,5.8
2024-05-12,Mumbai,33.7,1.4,10.4
2024-05-12,Delhi,39.8,0.0,11.9
2024-05-12,Dehradun,31.2,2.6,10.9
2024-05-12,Jodhpur,38.6,0.0,8.1
2024-05-13,Mumbai,28.2,0.0,6.3
2024-05-13,Delhi,37.7,0.0,7.2
2024-05-13,Dehradun,31.0,0.0,6.8
2024-05-13,Jodhpur,39.4,0.0,8.2
2024-05-14,Mumbai,29.7,0.0,7.4
2024-05-14,Delhi,38.3,0.0,13.9
2024-05-14,Dehradun,28.8,0.0,7.2
2024-05-14,Jodhpur,45.6,0.4,11.0
2024-05-15,Mumbai,31.8,0.0,12.9
2024-05-15,Delhi,39.4,0.0,6.4
2024-05-15,Dehradun,28.6,0.0,14.1
2024-05-15,Jodhpur,41.3,0.0,8.6
2024-05-16,Mumbai,31.5,0.0,5.3
2024-05-16,Delhi,38.4,0.0,12.9
2024-05-16,Dehradun,28.6,6.8,5.8
2024-05-16,Jodhpur,42.3,0.0,7.5
2024-05-17,Mumbai,32.8,0.0,6.6
2024-05-17,Delhi,36.6,0.0,10.4
2024-05-17,Dehradun,28.3,0.0,7.2
2024-05-17,Jodhpur,41.6,0.0,6.6
2024-05-18,Mumbai,29.8,0.0,6.8
2024-05-18,Delhi,36.2,0.0,7.8
2024-05-18,Dehradun,33.5,0.0,7.2
2024-05-18,Jodhpur,41.2,0.0,9.5
2024-05-19,Mumbai,30.1,0.0,10.2
2024-05-19,Delhi,40.9,0.0,11.8
2024-05-19,Dehradun,27.6,0.0,9.6
2024-05-19,Jodhpur,41.8,0.0,6.9
2024-05-20,Mumbai,33.3,0.8,8.3
2024-05-20,Delhi,36.0,0.0,6.5
2024-05-20,Dehradun,28.8,0.0,10.7
2024-05-20,Jodhpur,40.4,5.9,7.7
2024-05-21,Mumbai,32.0,0.0,6.8
2024-05-21,Delhi,40.3,0.0,7.9
2024-05-21,Dehradun,33.3,1.0,5.7
2024-05-21,Jodhpur,42.8,0.0,8.5
2024-05-22,Mumbai,32.8,0.0,8.4
2024-05-22,Delhi,35.0,0.0,7.5
2024-05-22,Dehradun,30.4,0.0,10.7
2024-05-22,Jodhpur,40.4,0.0,7.5
2024-05-23,Mumbai,30.8,0.0,10.4
2024-05-23,Delhi,39.6,1.5,10.9
2024-05-23,Dehradun,28.9,0.0,6.4
2024-05-23,Jodhpur,44.8,0.0,13.0
2024-05-24,Mumbai,32.8,0.0,13.7
2024-05-24,Delhi,37.9,0.0,10.5
2024-05-24,Dehradun,32.7,0.4,10.9
2024-05-24,Jodhpur,38.3,9.6,11.8
2024-05-25,Mumbai,29.3,0.0,7.4
2024-05-25,Delhi,40.0,0.0,8.9
2024-05-25,Dehradun,30.5,0.0,8.2
2024-05-25,Jodhpur,42.4,0.0,6.5
2024-05-26,Mumbai,30.4,0.0,5.9
2024-05-26,Delhi,37.4,0.0,8.7
2024-05-26,Dehradun,26.7,0.0,6.7
2024-05-26,Jodhpur,40.5,0.0,9.6
2024-05-27,Mumbai,34.8,0.0,10.1
2024-05-27,Delhi,37.6,0.0,8.6
2024-05-27,Dehradun,30.7,0.0,7.3
2024-05-27,Jodhpur,40.6,0.0,7.2
2024-05-28,Mumbai,31.9,0.0,8.2
2024-05-28,Delhi,37.5,0.0,7.9
2024-05-28,Dehradun,31.9,0.0,10.3
2024-05-28,Jodhpur,39.6,0.0,10.5
2024-05-29,Mumbai,31.2,0.0,8.2
2024-05-29,Delhi,37.1,1.9,10.3
2024-05-29,Dehradun,35.0,0.0,7.8
2024-05-29,Jodhpur,39.5,0.0,8.2
2024-05-30,Mumbai,29.4,2.8,6.4
2024-05-30,Delhi,36.3,0.0,9.9
2024-05-30,Dehradun,27.6,0.0,6.9
2024-05-30,Jodhpur,41.8,0.0,10.9
2024-05-31,Mumbai,34.4,0.0,16.1
2024-05-31,Delhi,43.6,0.0,7.5
2024-05-31,Dehradun,29.2,0.0,9.5
2024-05-31,Jodhpur,37.5,0.0,7.8
2024-06-01,Mumbai,29.8,13.9,9.7
2024-06-01,Delhi,28.7,0.0,10.2
2024-06-01,Dehradun,25.6,9.6,13.0
2024-06-01,Jodhpur,32.3,0.0,7.2
2024-06-02,Mumbai,30.3,30.1,6.1
2024-06-02,Delhi,35.0,32.6,10.4
2024-06-02,Dehradun,25.6,0.2,9.9
2024-06-02,Jodhpur,34.3,0.0,7.8
2024-06-03,Mumbai,30.1,0.1,10.7
2024-06-03,Delhi,30.0,5.2,12.9
2024-06-03,Dehradun,25.2,21.7,7.2
2024-06-03,Jodhpur,34.7,1.1,13.2
2024-06-04,Mumbai,24.1,11.2,6.1
2024-06-04,Delhi,29.6,0.0,9.6
2024-06-04,Dehradun,28.2,33.7,10.9
2024-06-04,Jodhpur,36.0,0.0,12.3
2024-06-05,Mumbai,27.8,0.9,6.9
2024-06-05,Delhi,35.2,10.3,17.2
2024-06-05,Dehradun,29.0,21.2,10.8
2024-06-05,Jodhpur,33.9,0.0,7.3
2024-06-06,Mumbai,28.7,19.1,12.2
2024-06-06,Delhi,32.9,18.2,8.5
2024-06-06,Dehradun,26.2,2.8,5.6
2024-06-06,Jodhpur,33.2,0.0,8.3
2024-06-07,Mumbai,27.9,0.3,8.9
2024-06-07,Delhi,33.1,0.0,10.1
2024-06-07,Dehradun,28.4,17.2,8.3
2024-06-07,Jodhpur,36.2,0.0,6.0
2024-06-08,Mumbai,31.2,0.5,16.2
2024-06-08,Delhi,32.2,22.7,10.5
2024-06-08,Dehradun,28.3,32.9,8.5
2024-06-08,Jodhpur,34.8,0.0,8.2
2024-06-09,Mumbai,28.0,26.9,6.8
2024-06-09,Delhi,31.5,37.1,18.8
2024-06-09,Dehradun,22.4,9.2,6.4
2024-06-09,Jodhpur,35.1,0.0,6.2
2024-06-10,Mumbai,33.4,17.1,6.2
2024-06-10,Delhi,29.4,10.2,5.9
2024-06-10,Dehradun,25.9,0.0,8.5
2024-06-10,Jodhpur,34.5,2.5,9.4
2024-06-11,Mumbai,28.2,2.8,6.8
2024-06-11,Delhi,30.7,0.0,7.2
2024-06-11,Dehradun,26.5,1.9,8.5
2024-06-11,Jodhpur,35.2,0.0,8.7
2024-06-12,Mumbai,27.7,19.4,8.6
2024-06-12,Delhi,36.1,3.2,9.5
2024-06-12,Dehradun,21.9,9.6,8.7
2024-06-12,Jodhpur,37.9,0.0,9.6
2024-06-13,Mumbai,30.2,0.0,5.6
2024-06-13,Delhi,30.2,2.6,6.5
2024-06-13,Dehradun,23.9,0.0,11.0
2024-06-13,Jodhpur,35.1,0.2,20.8
2024-06-14,Mumbai,31.8,26.0,12.6
2024-06-14,Delhi,27.7,9.0,6.9
2024-06-14,Dehradun,26.7,0.0,8.2
2024-06-14,Jodhpur,39.6,0.9,7.5
2024-06-15,Mumbai,26.0,26.5,6.0
2024-06-15,Delhi,32.2,0.0,6.5
2024-06-15,Dehradun,26.1,0.0,6.1
2024-06-15,Jodhpur,34.6,4.1,16.8
2024-06-16,Mumbai,31.3,4.0,6.4
2024-06-16,Delhi,32.7,9.7,7.8
2024-06-16,Dehradun,24.2,4.4,10.1
2024-06-16,Jodhpur,34.0,0.0,5.8
2024-06-17,Mumbai,30.3,1.4,10.4
2024-06-17,Delhi,33.4,0.0,7.1
2024-06-17,Dehradun,27.9,0.0,7.4
2024-06-17,Jodhpur,35.9,1.1,6.7
2024-06-18,Mumbai,29.6,13.0,10.8
2024-06-18,Delhi,31.0,7.1,8.0
2024-06-18,Dehradun,27.8,47.4,9.2
2024-06-18,Jodhpur,34.1,0.0,12.1
2024-06-19,Mumbai,31.0,9.4,7.7
2024-06-19,Delhi,29.8,25.2,8.3
2024-06-19,Dehradun,27.4,0.0,11.4
2024-06-19,Jodhpur,34.9,0.0,8.6
2024-06-20,Mumbai,29.7,11.8,11.6
2024-06-20,Delhi,32.6,10.5,14.9
2024-06-20,Dehradun,24.9,0.0,6.7
2024-06-20,Jodhpur,36.2,0.0,5.7
2024-06-21,Mumbai,30.7,0.0,10.3
2024-06-21,Delhi,31.5,12.3,9.0
2024-06-21,Dehradun,30.3,22.8,6.2
2024-06-21,Jodhpur,36.8,0.0,7.2
2024-06-22,Mumbai,28.6,6.8,17.8
2024-06-22,Delhi,26.3,17.7,8.5
2024-06-22,Dehradun,27.8,17.0,6.4
2024-06-22,Jodhpur,31.7,0.0,7.7
2024-06-23,Mumbai,30.9,54.8,7.4
2024-06-23,Delhi,30.4,24.0,11.1
2024-06-23,Dehradun,26.8,5.2,6.8
2024-06-23,Jodhpur,30.6,0.0,7.9
2024-06-24,Mumbai,28.0,0.0,10.8
2024-06-24,Delhi,29.5,0.0,11.9
2024-06-24,Dehradun,24.9,2.7,7.4
2024-06-24,Jodhpur,31.7,0.0,10.6
2024-06-25,Mumbai,31.6,9.0,7.0
2024-06-25,Delhi,30.5,0.0,11.4
2024-06-25,Dehradun,24.7,10.2,5.4
2024-06-25,Jodhpur,38.3,0.0,9.2
2024-06-26,Mumbai,31.1,8.0,9.4
2024-06-26,Delhi,31.1,0.5,8.7
2024-06-26,Dehradun,26.3,6.0,7.0
2024-06-26,Jodhpur,33.2,0.0,21.3
2024-06-27,Mumbai,31.2,7.9,10.7
2024-06-27,Delhi,31.7,0.0,10.6
2024-06-27,Dehradun,28.9,20.8,5.5
2024-06-27,Jodhpur,34.7,0.0,7.7
2024-06-28,Mumbai,29.1,13.4,12.2
2024-06-28,Delhi,31.5,35.5,10.9
2024-06-28,Dehradun,26.3,70.3,7.9
2024-06-28,Jodhpur,37.8,0.0,20.1
2024-06-29,Mumbai,29.6,0.0,8.6
2024-06-29,Delhi,30.0,0.0,15.2
2024-06-29,Dehradun,26.9,1.4,15.7
2024-06-29,Jodhpur,33.9,0.0,7.0
2024-06-30,Mumbai,26.9,30.7,7.3
2024-06-30,Delhi,32.7,2.3,12.0
2024-06-30,Dehradun,26.5,31.1,5.2
2024-06-30,Jodhpur,34.1,0.0,6.3
2024-07-01,Mumbai,29.0,3.5,9.6
2024-07-01,Delhi,28.3,0.0,9.4
2024-07-01,Dehradun,20.8,21.1,8.0
2024-07-01,Jodhpur,29.0,1.3,9.0
2024-07-02,Mumbai,29.3,8.5,5.2
2024-07-02,Delhi,28.3,0.7,8.0
2024-07-02,Dehradun,22.0,0.0,7.1
2024-07-02,Jodhpur,28.6,0.0,7.1
2024-07-03,Mumbai,26.0,31.2,6.1
2024-07-03,Delhi,25.9,46.3,11.0
2024-07-03,Dehradun,18.2,0.0,6.7
2024-07-03,Jodhpur,27.8,0.0,7.6
2024-07-04,Mumbai,27.3,0.0,8.8
2024-07-04,Delhi,25.4,19.5,6.2
2024-07-04,Dehradun,19.1,0.0,15.3
2024-07-04,Jodhpur,30.5,0.0,8.7
2024-07-05,Mumbai,25.0,21.5,6.5
2024-07-05,Delhi,23.8,0.0,6.2
2024-07-05,Dehradun,21.5,17.8,5.7
2024-07-05,Jodhpur,25.3,0.0,5.9
2024-07-06,Mumbai,29.8,14.1,6.1
2024-07-06,Delhi,23.9,3.8,7.3
2024-07-06,Dehradun,19.2,0.0,13.6
2024-07-06,Jodhpur,27.7,0.0,12.0
2024-07-07,Mumbai,29.3,2.5,17.2
2024-07-07,Delhi,26.1,18.6,6.8
2024-07-07,Dehradun,23.3,0.0,6.8
2024-07-07,Jodhpur,30.4,0.0,15.4
2024-07-08,Mumbai,25.6,8.5,19.4
2024-07-08,Delhi,27.1,3.4,6.6
2024-07-08,Dehradun,21.7,19.2,8.3
2024-07-08,Jodhpur,26.1,0.0,12.9
2024-07-09,Mumbai,26.5,0.0,8.9
2024-07-09,Delhi,21.5,1.5,6.3
2024-07-09,Dehradun,19.5,22.5,7.2
2024-07-09,Jodhpur,30.5,0.0,10.5
2024-07-10,Mumbai,28.3,18.1,14.9
2024-07-10,Delhi,24.5,0.0,9.4
2024-07-10,Dehradun,18.5,0.0,5.7
2024-07-10,Jodhpur,28.3,0.0,8.5
2024-07-11,Mumbai,23.6,33.1,7.5
2024-07-11,Delhi,29.3,30.4,6.8
2024-07-11,Dehradun,19.2,33.0,5.2
2024-07-11,Jodhpur,28.0,0.0,9.6
2024-07-12,Mumbai,23.6,0.0,9.5
2024-07-12,Delhi,27.4,1.7,6.6
2024-07-12,Dehradun,20.0,0.0,8.8
2024-07-12,Jodhpur,31.3,0.0,12.8
2024-07-13,Mumbai,30.6,5.4,15.8
2024-07-13,Delhi,20.7,7.0,7.9
2024-07-13,Dehradun,18.5,17.8,8.1
2024-07-13,Jodhpur,27.6,0.0,7.3
2024-07-14,Mumbai,29.1,0.0,7.4
2024-07-14,Delhi,23.5,23.4,12.2
2024-07-14,Dehradun,23.2,8.0,7.3
2024-07-14,Jodhpur,29.2,0.0,8.9
2024-07-15,Mumbai,26.7,0.0,8.3
2024-07-15,Delhi,23.0,0.0,10.5
2024-07-15,Dehradun,23.2,0.0,6.7
2024-07-15,Jodhpur,29.4,0.0,11.7
2024-07-16,Mumbai,27.4,3.5,7.5
2024-07-16,Delhi,27.9,3.3,14.0
2024-07-16,Dehradun,22.3,6.2,7.4
2024-07-16,Jodhpur,28.3,0.0,6.8
2024-07-17,Mumbai,28.4,29.4,14.5
2024-07-17,Delhi,23.5,5.7,5.5
2024-07-17,Dehradun,25.8,2.7,9.0
2024-07-17,Jodhpur,25.7,0.0,10.0
2024-07-18,Mumbai,26.7,20.2,10.5
2024-07-18,Delhi,24.8,12.6,10.8
2024-07-18,Dehradun,23.3,5.3,12.3
2024-07-18,Jodhpur,30.5,1.3,7.5
2024-07-19,Mumbai,28.8,4.5,12.8
2024-07-19,Delhi,29.9,5.7,11.1
2024-07-19,Dehradun,20.7,10.8,9.0
2024-07-19,Jodhpur,28.2,5.2,9.8
2024-07-20,Mumbai,27.4,18.2,6.2
2024-07-20,Delhi,27.5,0.0,8.0
2024-07-20,Dehradun,21.7,14.1,10.3
2024-07-20,Jodhpur,31.5,2.5,10.4
2024-07-21,Mumbai,24.2,0.0,5.6
2024-07-21,Delhi,25.7,66.6,6.5
2024-07-21,Dehradun,21.3,0.0,8.7
2024-07-21,Jodhpur,27.4,3.4,8.9
2024-07-22,Mumbai,27.2,4.7,7.3
2024-07-22,Delhi,24.7,7.9,6.9
2024-07-22,Dehradun,19.2,6.0,13.8
2024-07-22,Jodhpur,25.0,0.0,8.7
2024-07-23,Mumbai,28.8,45.8,7.5
2024-07-23,Delhi,20.9,26.3,10.2
2024-07-23,Dehradun,19.2,19.9,8.8
2024-07-23,Jodhpur,27.5,0.0,12.7
2024-07-24,Mumbai,29.8,0.0,15.8
2024-07-24,Delhi,21.5,11.3,7.5
2024-07-24,Dehradun,23.1,0.0,13.6
2024-07-24,Jodhpur,25.2,0.0,7.5
2024-07-25,Mumbai,29.3,22.4,6.4
2024-07-25,Delhi,22.6,2.7,10.2
2024-07-25,Dehradun,19.4,21.9,7.5
2024-07-25,Jodhpur,32.1,3.9,8.5
2024-07-26,Mumbai,26.4,26.8,9.3
2024-07-26,Delhi,24.7,16.7,6.6
2024-07-26,Dehradun,17.7,6.0,6.8
2024-07-26,Jodhpur,28.1,0.0,8.9
2024-07-27,Mumbai,27.2,12.1,9.2
2024-07-27,Delhi,25.1,0.0,9.7
2024-07-27,Dehradun,20.5,16.7,6.1
2024-07-27,Jodhpur,29.9,0.0,7.4
2024-07-28,Mumbai,26.1,0.0,10.6
2024-07-28,Delhi,24.0,42.5,7.1
2024-07-28,Dehradun,17.3,34.8,8.5
2024-07-28,Jodhpur,28.1,0.0,6.3
2024-07-29,Mumbai,26.3,0.7,7.2
2024-07-29,Delhi,26.3,8.4,6.8
2024-07-29,Dehradun,19.8,37.0,5.7
2024-07-29,Jodhpur,24.4,0.6,13.4
2024-07-30,Mumbai,26.4,0.0,6.1
2024-07-30,Delhi,25.9,31.3,5.5
2024-07-30,Dehradun,19.4,2.8,6.0
2024-07-30,Jodhpur,27.4,0.0,6.0
2024-07-31,Mumbai,24.2,19.0,9.3
2024-07-31,Delhi,24.7,33.9,6.4
2024-07-31,Dehradun,18.1,8.7,9.9
2024-07-31,Jodhpur,28.6,0.0,8.0
2024-08-01,Mumbai,24.9,0.0,6.4
2024-08-01,Delhi,17.8,5.0,12.5
2024-08-01,Dehradun,14.8,0.0,6.8
2024-08-01,Jodhpur,17.1,0.0,10.0
2024-08-02,Mumbai,20.7,0.0,8.3
2024-08-02,Delhi,17.0,3.6,5.9
2024-08-02,Dehradun,13.4,0.0,7.5
2024-08-02,Jodhpur,21.4,0.0,10.2
2024-08-03,Mumbai,24.4,13.8,6.9
2024-08-03,Delhi,14.6,0.0,9.6
2024-08-03,Dehradun,12.9,0.0,5.5
2024-08-03,Jodhpur,19.5,0.0,9.8
2024-08-04,Mumbai,25.1,7.6,7.7
2024-08-04,Delhi,19.4,45.4,7.6
2024-08-04,Dehradun,13.5,7.5,7.6
2024-08-04,Jodhpur,22.3,0.0,5.7
2024-08-05,Mumbai,25.6,8.4,13.9
2024-08-05,Delhi,14.8,8.2,6.9
2024-08-05,Dehradun,15.3,4.2,7.8
2024-08-05,Jodhpur,22.6,0.0,8.0
2024-08-06,Mumbai,21.4,0.0,7.9
2024-08-06,Delhi,18.7,5.0,13.5
2024-08-06,Dehradun,14.0,0.0,8.6
2024-08-06,Jodhpur,23.3,0.0,14.3
2024-08-07,Mumbai,26.0,11.8,11.9
2024-08-07,Delhi,19.5,27.4,8.0
2024-08-07,Dehradun,14.7,7.6,6.0
2024-08-07,Jodhpur,19.5,0.0,8.0
2024-08-08,Mumbai,25.4,21.3,7.8
2024-08-08,Delhi,15.4,11.3,11.2
2024-08-08,Dehradun,12.4,0.1,7.7
2024-08-08,Jodhpur,22.0,1.2,6.1
2024-08-09,Mumbai,20.7,33.1,9.5
2024-08-09,Delhi,13.8,9.9,7.7
2024-08-09,Dehradun,13.9,0.0,7.7
2024-08-09,Jodhpur,21.1,0.2,5.6
2024-08-10,Mumbai,23.1,4.1,8.9
2024-08-10,Delhi,16.1,0.5,9.5
2024-08-10,Dehradun,12.4,0.9,15.2
2024-08-10,Jodhpur,19.8,0.0,6.5
2024-08-11,Mumbai,26.8,7.4,16.9
2024-08-11,Delhi,20.6,6.3,13.5
2024-08-11,Dehradun,12.9,5.2,13.3
2024-08-11,Jodhpur,20.2,0.0,8.0
2024-08-12,Mumbai,23.3,5.5,9.3
2024-08-12,Delhi,19.0,27.5,6.0
2024-08-12,Dehradun,11.5,28.9,13.5
2024-08-12,Jodhpur,19.6,0.0,9.6
2024-08-13,Mumbai,23.0,0.3,14.1
2024-08-13,Delhi,18.3,12.2,7.7
2024-08-13,Dehradun,12.1,10.6,14.5
2024-08-13,Jodhpur,22.5,0.0,8.1
2024-08-14,Mumbai,27.3,10.7,8.5
2024-08-14,Delhi,18.8,0.0,11.0
2024-08-14,Dehradun,15.2,12.5,9.0
2024-08-14,Jodhpur,21.5,1.1,10.0
2024-08-15,Mumbai,23.7,4.6,8.3
2024-08-15,Delhi,17.1,4.8,6.6
2024-08-15,Dehradun,13.8,2.5,10.3
2024-08-15,Jodhpur,21.5,0.2,9.6
2024-08-16,Mumbai,23.9,16.3,7.1
2024-08-16,Delhi,17.3,9.6,7.6
2024-08-16,Dehradun,15.4,23.9,6.2
2024-08-16,Jodhpur,21.1,0.0,12.1
2024-08-17,Mumbai,23.7,7.1,7.0
2024-08-17,Delhi,19.8,0.0,10.9
2024-08-17,Dehradun,13.5,0.0,6.9
2024-08-17,Jodhpur,23.1,0.3,5.6
2024-08-18,Mumbai,25.3,0.0,8.1
2024-08-18,Delhi,20.7,39.7,9.0
2024-08-18,Dehradun,15.0,7.2,14.1
2024-08-18,Jodhpur,23.8,0.0,14.7
2024-08-19,Mumbai,23.5,0.0,6.2
2024-08-19,Delhi,14.1,6.7,6.8
2024-08-19,Dehradun,14.3,14.1,5.8
2024-08-19,Jodhpur,19.2,2.0,10.2
2024-08-20,Mumbai,25.8,26.9,6.5
2024-08-20,Delhi,16.7,0.6,6.8
2024-08-20,Dehradun,11.9,3.7,7.2
2024-08-20,Jodhpur,19.7,0.0,8.2
2024-08-21,Mumbai,25.8,6.0,6.0
2024-08-21,Delhi,19.3,39.5,6.6
2024-08-21,Dehradun,11.6,34.7,6.4
2024-08-21,Jodhpur,21.0,0.0,9.7
2024-08-22,Mumbai,24.8,13.7,6.7
2024-08-22,Delhi,20.9,1.2,6.3
2024-08-22,Dehradun,15.7,0.0,8.3
2024-08-22,Jodhpur,23.2,0.0,6.0
2024-08-23,Mumbai,23.8,0.0,9.2
2024-08-23,Delhi,16.3,9.7,15.4
2024-08-23,Dehradun,13.1,18.8,6.3
2024-08-23,Jodhpur,18.6,0.0,8.6
2024-08-24,Mumbai,22.5,3.6,8.9
2024-08-24,Delhi,12.5,36.1,16.3
2024-08-24,Dehradun,14.2,4.3,16.3
2024-08-24,Jodhpur,19.0,0.0,6.7
2024-08-25,Mumbai,23.1,2.0,12.2
2024-08-25,Delhi,17.8,0.0,15.1
2024-08-25,Dehradun,15.0,30.7,8.9
2024-08-25,Jodhpur,23.1,0.0,12.0
2024-08-26,Mumbai,24.3,2.1,6.1
2024-08-26,Delhi,16.7,74.8,7.3
2024-08-26,Dehradun,13.2,12.6,10.5
2024-08-26,Jodhpur,19.4,2.1,13.5
2024-08-27,Mumbai,23.9,0.0,9.8
2024-08-27,Delhi,17.1,0.0,13.4
2024-08-27,Dehradun,13.6,11.4,8.9
2024-08-27,Jodhpur,19.3,0.0,11.4
2024-08-28,Mumbai,24.9,1.0,10.2
2024-08-28,Delhi,16.8,12.4,8.6
2024-08-28,Dehradun,11.9,21.3,7.4
2024-08-28,Jodhpur,21.6,0.0,13.5
2024-08-29,Mumbai,26.7,41.4,5.8
2024-08-29,Delhi,21.3,10.1,6.3
2024-08-29,Dehradun,12.8,0.0,9.3
2024-08-29,Jodhpur,16.9,0.0,12.6
2024-08-30,Mumbai,24.5,5.3,6.3
2024-08-30,Delhi,18.1,0.0,10.3
2024-08-30,Dehradun,17.4,22.7,6.9
2024-08-30,Jodhpur,20.6,1.8,8.3
2024-08-31,Mumbai,25.2,0.0,9.3
2024-08-31,Delhi,17.4,0.0,7.4
2024-08-31,Dehradun,12.4,0.0,8.7
2024-08-31,Jodhpur,22.1,0.0,7.1
2024-09-01,Mumbai,20.9,0.0,8.2
2024-09-01,Delhi,11.0,0.0,11.6
2024-09-01,Dehradun,11.4,17.0,9.9
2024-09-01,Jodhpur,17.6,3.8,8.4
2024-09-02,Mumbai,23.1,31.5,5.9
2024-09-02,Delhi,13.7,0.0,6.6
2024-09-02,Dehradun,12.7,0.0,5.8
2024-09-02,Jodhpur,17.5,0.0,8.1
2024-09-03,Mumbai,20.7,13.3,8.5
2024-09-03,Delhi,13.0,1.6,7.0
2024-09-03,Dehradun,8.8,5.7,10.6
2024-09-03,Jodhpur,15.6,0.0,7.8
2024-09-04,Mumbai,22.4,8.9,10.6
2024-09-04,Delhi,11.8,28.2,9.0
2024-09-04,Dehradun,8.3,2.9,8.9
2024-09-04,Jodhpur,18.7,7.3,5.5
2024-09-05,Mumbai,19.3,10.5,17.2
2024-09-05,Delhi,12.6,11.8,14.4
2024-09-05,Dehradun,10.0,0.0,12.3
2024-09-05,Jodhpur,17.9,0.0,7.4
2024-09-06,Mumbai,22.2,24.8,6.6
2024-09-06,Delhi,10.2,21.2,6.1
2024-09-06,Dehradun,12.4,2.0,8.4
2024-09-06,Jodhpur,19.6,1.1,11.6
2024-09-07,Mumbai,21.9,2.4,11.6
2024-09-07,Delhi,11.5,0.4,9.6
2024-09-07,Dehradun,12.6,0.0,11.1
2024-09-07,Jodhpur,13.0,0.0,5.6
2024-09-08,Mumbai,23.4,0.0,9.3
2024-09-08,Delhi,14.1,0.0,9.4
2024-09-08,Dehradun,10.8,4.6,10.9
2024-09-08,Jodhpur,14.9,0.0,6.0
2024-09-09,Mumbai,22.1,4.7,8.2
2024-09-09,Delhi,10.4,21.4,7.0
2024-09-09,Dehradun,5.5,6.0,7.9
2024-09-09,Jodhpur,16.5,0.0,18.4
2024-09-10,Mumbai,21.2,0.0,12.6
2024-09-10,Delhi,10.6,0.0,9.2
2024-09-10,Dehradun,11.7,2.9,17.6
2024-09-10,Jodhpur,15.1,0.0,7.5
2024-09-11,Mumbai,21.5,2.2,11.4
2024-09-11,Delhi,15.4,0.0,7.9
2024-09-11,Dehradun,8.2,14.8,5.7
2024-09-11,Jodhpur,16.4,0.0,9.5
2024-09-12,Mumbai,23.8,6.8,7.9
2024-09-12,Delhi,12.1,1.7,10.0
2024-09-12,Dehradun,9.0,1.1,11.6
2024-09-12,Jodhpur,18.0,0.0,16.5
2024-09-13,Mumbai,19.9,13.3,7.2
2024-09-13,Delhi,8.3,0.0,11.7
2024-09-13,Dehradun,7.3,2.1,5.5
2024-09-13,Jodhpur,17.9,0.0,9.0
2024-09-14,Mumbai,22.7,8.8,16.6
2024-09-14,Delhi,11.8,1.2,13.9
2024-09-14,Dehradun,9.5,1.3,5.6
2024-09-14,Jodhpur,16.6,0.2,8.0
2024-09-15,Mumbai,19.7,34.3,12.2
2024-09-15,Delhi,13.4,24.0,5.6
2024-09-15,Dehradun,11.3,26.0,8.2
2024-09-15,Jodhpur,16.4,0.0,7.0
2024-09-16,Mumbai,25.2,14.1,6.4
2024-09-16,Delhi,14.4,13.8,6.3
2024-09-16,Dehradun,12.8,3.6,5.6
2024-09-16,Jodhpur,14.6,0.0,7.3
2024-09-17,Mumbai,22.2,7.9,8.3
2024-09-17,Delhi,12.6,10.1,6.6
2024-09-17,Dehradun,10.0,13.4,12.5
2024-09-17,Jodhpur,12.9,0.0,10.1
2024-09-18,Mumbai,22.7,14.3,6.2
2024-09-18,Delhi,14.7,3.6,6.0
2024-09-18,Dehradun,8.9,8.5,6.0
2024-09-18,Jodhpur,16.6,0.0,9.6
2024-09-19,Mumbai,20.2,47.0,6.7
2024-09-19,Delhi,11.4,23.6,9.6
2024-09-19,Dehradun,7.7,16.3,13.2
2024-09-19,Jodhpur,15.6,0.0,11.3
2024-09-20,Mumbai,23.5,11.6,10.1
2024-09-20,Delhi,10.9,0.0,14.0
2024-09-20,Dehradun,9.2,0.8,6.3
2024-09-20,Jodhpur,16.5,0.0,10.8
2024-09-21,Mumbai,21.7,6.9,9.7
2024-09-21,Delhi,11.5,0.0,9.0
2024-09-21,Dehradun,13.2,12.8,9.1
2024-09-21,Jodhpur,17.2,0.0,6.7
2024-09-22,Mumbai,24.4,16.3,6.2
2024-09-22,Delhi,11.1,2.5,11.9
2024-09-22,Dehradun,11.1,7.9,6.6
2024-09-22,Jodhpur,17.5,0.0,9.3
2024-09-23,Mumbai,23.0,6.9,6.4
2024-09-23,Delhi,9.7,17.0,7.8
2024-09-23,Dehradun,14.2,0.0,6.3
2024-09-23,Jodhpur,16.2,0.0,11.5
2024-09-24,Mumbai,18.5,0.0,7.8
2024-09-24,Delhi,12.8,4.0,12.1
2024-09-24,Dehradun,9.6,17.8,7.8
2024-09-24,Jodhpur,16.5,0.0,9.5
2024-09-25,Mumbai,21.1,0.0,7.3
2024-09-25,Delhi,8.6,0.0,7.0
2024-09-25,Dehradun,7.6,0.0,6.6
2024-09-25,Jodhpur,20.2,0.0,11.9
2024-09-26,Mumbai,20.7,6.4,6.1
2024-09-26,Delhi,9.2,0.0,6.7
2024-09-26,Dehradun,8.8,0.0,9.8
2024-09-26,Jodhpur,14.9,0.0,6.0
2024-09-27,Mumbai,23.9,0.0,10.0
2024-09-27,Delhi,15.1,24.7,9.0
2024-09-27,Dehradun,10.7,60.7,6.3
2024-09-27,Jodhpur,15.1,0.3,10.9
2024-09-28,Mumbai,22.0,64.4,13.4
2024-09-28,Delhi,10.8,15.7,8.7
2024-09-28,Dehradun,9.7,0.0,7.7
2024-09-28,Jodhpur,13.5,0.0,9.6
2024-09-29,Mumbai,22.4,0.0,7.5
2024-09-29,Delhi,14.5,0.0,11.3
2024-09-29,Dehradun,9.3,3.7,6.7
2024-09-29,Jodhpur,16.3,0.0,6.6
2024-09-30,Mumbai,22.6,0.0,12.2
2024-09-30,Delhi,14.2,17.2,14.3
2024-09-30,Dehradun,10.0,4.3,11.5
2024-09-30,Jodhpur,15.4,0.0,10.9
2024-10-01,Mumbai,22.2,0.0,6.9
2024-10-01,Delhi,9.9,0.0,8.5
2024-10-01,Dehradun,7.5,0.0,8.1
2024-10-01,Jodhpur,14.3,0.5,9.1
2024-10-02,Mumbai,23.3,2.5,6.8
2024-10-02,Delhi,7.4,0.0,14.3
2024-10-02,Dehradun,11.5,0.0,5.3
2024-10-02,Jodhpur,9.0,0.0,5.4
2024-10-03,Mumbai,26.4,4.0,6.3
2024-10-03,Delhi,8.2,2.1,6.4
2024-10-03,Dehradun,10.8,5.6,10.7
2024-10-03,Jodhpur,11.9,0.0,6.7
2024-10-04,Mumbai,25.2,0.0,9.8
2024-10-04,Delhi,10.1,0.0,6.8
2024-10-04,Dehradun,9.7,0.0,10.1
2024-10-04,Jodhpur,17.3,0.0,6.5
2024-10-05,Mumbai,20.0,0.0,5.5
2024-10-05,Delhi,11.1,0.0,9.0
2024-10-05,Dehradun,7.3,0.0,5.5
2024-10-05,Jodhpur,16.9,0.0,8.9
2024-10-06,Mumbai,24.4,0.0,12.9
2024-10-06,Delhi,11.0,0.0,10.3
2024-10-06,Dehradun,6.8,0.0,8.6
2024-10-06,Jodhpur,16.0,0.0,6.7
2024-10-07,Mumbai,23.8,0.0,11.1
2024-10-07,Delhi,11.6,0.0,8.4
2024-10-07,Dehradun,6.6,0.0,15.4
2024-10-07,Jodhpur,16.7,0.0,8.5
2024-10-08,Mumbai,22.5,0.3,7.7
2024-10-08,Delhi,11.7,0.0,6.6
2024-10-08,Dehradun,7.7,0.0,8.8
2024-10-08,Jodhpur,12.1,0.0,7.3
2024-10-09,Mumbai,19.9,0.0,8.7
2024-10-09,Delhi,11.7,0.0,11.6
2024-10-09,Dehradun,8.6,3.3,10.0
2024-10-09,Jodhpur,10.5,0.0,10.3
2024-10-10,Mumbai,19.8,0.0,9.6
2024-10-10,Delhi,11.0,2.8,5.8
2024-10-10,Dehradun,7.2,0.0,7.5
2024-10-10,Jodhpur,13.6,0.0,7.6
2024-10-11,Mumbai,21.8,0.0,8.8
2024-10-11,Delhi,9.1,0.0,7.6
2024-10-11,Dehradun,8.8,0.0,6.1
2024-10-11,Jodhpur,17.7,0.0,10.7
2024-10-12,Mumbai,24.7,0.0,6.5
2024-10-12,Delhi,8.8,0.0,5.2
2024-10-12,Dehradun,8.1,0.0,8.5
2024-10-12,Jodhpur,14.6,0.0,5.7
2024-10-13,Mumbai,21.9,0.0,9.3
2024-10-13,Delhi,11.0,1.1,7.1
2024-10-13,Dehradun,7.8,0.0,13.0
2024-10-13,Jodhpur,12.7,0.0,8.6
2024-10-14,Mumbai,22.9,0.0,9.6
2024-10-14,Delhi,15.0,0.0,7.2
2024-10-14,Dehradun,7.4,0.0,8.0
2024-10-14,Jodhpur,14.9,0.0,9.2
2024-10-15,Mumbai,19.9,0.0,6.6
2024-10-15,Delhi,9.5,0.0,6.1
2024-10-15,Dehradun,4.3,0.0,7.9
2024-10-15,Jodhpur,15.5,0.0,9.0
2024-10-16,Mumbai,24.2,0.0,7.4
2024-10-16,Delhi,10.1,0.0,6.6
2024-10-16,Dehradun,8.2,0.0,11.9
2024-10-16,Jodhpur,15.0,0.0,12.5
2024-10-17,Mumbai,22.6,0.0,8.1
2024-10-17,Delhi,13.0,0.0,8.6
2024-10-17,Dehradun,11.5,0.0,11.3
2024-10-17,Jodhpur,12.7,1.1,7.8
2024-10-18,Mumbai,23.1,0.0,16.5
2024-10-18,Delhi,10.5,0.0,13.3
2024-10-18,Dehradun,7.5,0.0,7.0
2024-10-18,Jodhpur,15.3,0.0,12.2
2024-10-19,Mumbai,21.9,0.0,8.9
2024-10-19,Delhi,12.9,3.1,15.9
2024-10-19,Dehradun,9.0,0.2,8.5
2024-10-19,Jodhpur,9.1,0.0,8.3
2024-10-20,Mumbai,24.2,0.0,8.4
2024-10-20,Delhi,9.8,0.0,10.4
2024-10-20,Dehradun,12.5,1.2,9.3
2024-10-20,Jodhpur,9.9,0.0,9.6
2024-10-21,Mumbai,20.7,0.0,8.6
2024-10-21,Delhi,11.9,0.0,6.1
2024-10-21,Dehradun,6.2,0.0,6.2
2024-10-21,Jodhpur,16.3,0.0,7.9
2024-10-22,Mumbai,25.4,4.5,6.9
2024-10-22,Delhi,9.2,0.0,5.8
2024-10-22,Dehradun,8.0,3.4,5.7
2024-10-22,Jodhpur,15.1,0.0,6.7
2024-10-23,Mumbai,23.4,0.0,7.7
2024-10-23,Delhi,8.4,0.0,8.4
2024-10-23,Dehradun,8.3,0.9,9.4
2024-10-23,Jodhpur,13.7,0.0,9.8
2024-10-24,Mumbai,21.3,0.0,7.4
2024-10-24,Delhi,8.5,2.0,10.0
2024-10-24,Dehradun,3.3,1.7,12.0
2024-10-24,Jodhpur,14.2,0.0,9.2
2024-10-25,Mumbai,20.8,0.0,6.7
2024-10-25,Delhi,8.2,0.0,7.9
2024-10-25,Dehradun,3.3,0.0,14.3
2024-10-25,Jodhpur,17.8,3.7,6.4
2024-10-26,Mumbai,19.9,0.0,9.7
2024-10-26,Delhi,11.6,0.0,8.4
2024-10-26,Dehradun,6.9,0.0,8.6
2024-10-26,Jodhpur,15.7,0.0,6.9
2024-10-27,Mumbai,21.9,0.0,8.9
2024-10-27,Delhi,11.7,0.0,8.7
2024-10-27,Dehradun,7.5,0.0,9.1
2024-10-27,Jodhpur,16.3,0.0,9.7
2024-10-28,Mumbai,21.9,0.0,8.5
2024-10-28,Delhi,8.0,0.0,10.6
2024-10-28,Dehradun,5.5,0.0,7.4
2024-10-28,Jodhpur,13.7,0.0,7.4
2024-10-29,Mumbai,20.1,0.0,6.9
2024-10-29,Delhi,7.4,7.0,14.2
2024-10-29,Dehradun,8.3,0.0,5.7
2024-10-29,Jodhpur,15.4,0.0,20.4
2024-10-30,Mumbai,21.3,0.0,8.7
2024-10-30,Delhi,10.5,0.0,6.0
2024-10-30,Dehradun,6.0,0.0,9.9
2024-10-30,Jodhpur,12.5,0.0,7.8
2024-10-31,Mumbai,22.3,0.0,10.1
2024-10-31,Delhi,9.7,0.3,8.0
2024-10-31,Dehradun,10.1,0.0,18.4
2024-10-31,Jodhpur,13.7,0.0,7.1
2024-11-01,Mumbai,23.3,0.0,16.1
2024-11-01,Delhi,11.1,0.0,9.9
2024-11-01,Dehradun,6.2,0.0,6.9
2024-11-01,Jodhpur,15.9,0.5,5.9
2024-11-02,Mumbai,21.8,0.0,11.8
2024-11-02,Delhi,14.3,1.4,8.9
2024-11-02,Dehradun,15.4,1.4,9.7
2024-11-02,Jodhpur,18.0,0.0,9.5
2024-11-03,Mumbai,20.8,0.0,9.8
2024-11-03,Delhi,11.9,0.0,7.2
2024-11-03,Dehradun,8.8,0.0,11.8
2024-11-03,Jodhpur,16.4,0.0,8.8
2024-11-04,Mumbai,25.9,0.0,6.9
2024-11-04,Delhi,11.8,0.0,7.0
2024-11-04,Dehradun,11.7,0.0,11.4
2024-11-04,Jodhpur,16.5,0.0,6.1
2024-11-05,Mumbai,18.8,0.0,6.8
2024-11-05,Delhi,11.1,0.0,7.7
2024-11-05,Dehradun,10.8,0.0,6.8
2024-11-05,Jodhpur,17.1,0.0,14.6
2024-11-06,Mumbai,21.7,0.0,6.4
2024-11-06,Delhi,10.0,0.0,12.3
2024-11-06,Dehradun,11.8,0.0,7.7
2024-11-06,Jodhpur,13.2,0.0,10.2
2024-11-07,Mumbai,22.2,0.0,11.5
2024-11-07,Delhi,10.0,0.0,8.6
2024-11-07,Dehradun,7.4,2.6,6.9
2024-11-07,Jodhpur,16.0,0.0,6.5
2024-11-08,Mumbai,23.4,0.0,12.1
2024-11-08,Delhi,8.1,0.0,8.7
2024-11-08,Dehradun,9.6,0.0,18.4
2024-11-08,Jodhpur,17.9,0.0,8.2
2024-11-09,Mumbai,24.3,0.0,5.5
2024-11-09,Delhi,12.0,0.0,6.9
2024-11-09,Dehradun,9.8,1.1,5.4
2024-11-09,Jodhpur,15.0,0.0,10.9
2024-11-10,Mumbai,24.9,0.0,6.1
2024-11-10,Delhi,9.2,0.0,8.8
2024-11-10,Dehradun,9.1,2.1,9.6
2024-11-10,Jodhpur,13.8,0.0,6.6
2024-11-11,Mumbai,19.7,0.0,6.3
2024-11-11,Delhi,12.7,0.0,9.5
2024-11-11,Dehradun,8.0,0.0,17.9
2024-11-11,Jodhpur,16.0,0.0,9.1
2024-11-12,Mumbai,23.7,0.0,6.8
2024-11-12,Delhi,13.8,0.0,5.7
2024-11-12,Dehradun,7.3,0.1,6.8
2024-11-12,Jodhpur,13.7,0.0,22.1
2024-11-13,Mumbai,21.7,0.0,5.3
2024-11-13,Delhi,13.7,0.0,9.2
2024-11-13,Dehradun,9.0,0.0,7.5
2024-11-13,Jodhpur,15.7,0.0,11.0
2024-11-14,Mumbai,23.3,0.5,9.8
2024-11-14,Delhi,13.5,0.0,9.5
2024-11-14,Dehradun,8.1,0.0,11.1
2024-11-14,Jodhpur,15.6,0.0,9.3
2024-11-15,Mumbai,22.5,0.0,9.1
2024-11-15,Delhi,8.0,0.0,6.3
2024-11-15,Dehradun,8.0,1.0,10.6
2024-11-15,Jodhpur,15.0,0.0,9.6
2024-11-16,Mumbai,25.1,0.0,7.6
2024-11-16,Delhi,14.6,0.0,6.8
2024-11-16,Dehradun,12.0,0.0,8.6
2024-11-16,Jodhpur,16.5,0.0,6.2
2024-11-17,Mumbai,21.7,0.0,8.3
2024-11-17,Delhi,14.1,0.0,7.8
2024-11-17,Dehradun,8.0,0.0,9.0
2024-11-17,Jodhpur,19.8,0.0,9.3
2024-11-18,Mumbai,22.2,0.0,9.0
2024-11-18,Delhi,10.3,0.2,13.7
2024-11-18,Dehradun,7.7,0.0,10.6
2024-11-18,Jodhpur,16.1,0.0,10.7
2024-11-19,Mumbai,22.4,2.8,20.5
2024-11-19,Delhi,12.1,0.0,7.0
2024-11-19,Dehradun,7.9,0.0,6.5
2024-11-19,Jodhpur,18.1,0.7,8.8
2024-11-20,Mumbai,19.3,0.0,5.8
2024-11-20,Delhi,10.6,0.0,5.9
2024-11-20,Dehradun,9.0,0.1,10.4
2024-11-20,Jodhpur,13.7,0.0,9.9
2024-11-21,Mumbai,18.5,0.0,7.4
2024-11-21,Delhi,14.6,0.0,8.4
2024-11-21,Dehradun,7.8,0.0,12.4
2024-11-21,Jodhpur,20.1,0.0,7.7
2024-11-22,Mumbai,19.6,0.3,20.0
2024-11-22,Delhi,15.6,0.0,9.8
2024-11-22,Dehradun,9.6,0.0,7.6
2024-11-22,Jodhpur,15.1,0.0,6.7
2024-11-23,Mumbai,21.1,4.2,5.2
2024-11-23,Delhi,9.8,0.0,7.2
2024-11-23,Dehradun,8.5,0.0,13.9
2024-11-23,Jodhpur,13.9,0.0,11.5
2024-11-24,Mumbai,23.0,0.0,14.8
2024-11-24,Delhi,11.9,0.0,5.4
2024-11-24,Dehradun,9.3,0.0,5.2
2024-11-24,Jodhpur,13.6,0.0,8.0
2024-11-25,Mumbai,22.4,0.0,11.4
2024-11-25,Delhi,12.9,0.0,14.2
2024-11-25,Dehradun,11.5,0.0,10.8
2024-11-25,Jodhpur,19.9,0.0,11.2
2024-11-26,Mumbai,25.4,0.0,5.7
2024-11-26,Delhi,11.4,0.0,9.4
2024-11-26,Dehradun,9.8,0.0,6.8
2024-11-26,Jodhpur,17.5,0.0,11.9
2024-11-27,Mumbai,22.5,0.0,7.7
2024-11-27,Delhi,11.0,0.0,11.1
2024-11-27,Dehradun,9.1,0.0,8.4
2024-11-27,Jodhpur,18.3,0.0,9.1
2024-11-28,Mumbai,22.8,0.0,7.1
2024-11-28,Delhi,12.0,0.0,6.8
2024-11-28,Dehradun,10.1,0.0,7.3
2024-11-28,Jodhpur,15.2,0.0,8.3
2024-11-29,Mumbai,26.1,0.0,9.4
2024-11-29,Delhi,9.8,0.0,7.7
2024-11-29,Dehradun,8.5,0.0,7.0
2024-11-29,Jodhpur,14.8,0.0,7.7
2024-11-30,Mumbai,21.3,6.2,6.9
2024-11-30,Delhi,11.0,0.0,9.8
2024-11-30,Dehradun,10.1,0.0,8.1
2024-11-30,Jodhpur,15.2,0.6,9.3
2024-12-01,Mumbai,27.0,0.0,12.9
2024-12-01,Delhi,15.8,0.0,10.5
2024-12-01,Dehradun,12.4,0.0,6.7
2024-12-01,Jodhpur,23.0,0.0,7.1
2024-12-02,Mumbai,24.5,0.0,7.6
2024-12-02,Delhi,17.4,0.0,13.8
2024-12-02,Dehradun,12.6,0.0,10.1
2024-12-02,Jodhpur,22.4,5.6,10.2
2024-12-03,Mumbai,27.3,0.0,9.3
2024-12-03,Delhi,15.6,0.0,6.5
2024-12-03,Dehradun,14.4,0.0,7.5
2024-12-03,Jodhpur,22.4,0.0,5.9
2024-12-04,Mumbai,26.2,4.5,8.8
2024-12-04,Delhi,17.4,0.0,9.9
2024-12-04,Dehradun,11.0,0.0,6.9
2024-12-04,Jodhpur,19.1,0.0,7.1
2024-12-05,Mumbai,24.3,0.0,5.6
2024-12-05,Delhi,16.4,1.0,6.8
2024-12-05,Dehradun,13.9,0.0,5.7
2024-12-05,Jodhpur,16.2,0.0,6.8
2024-12-06,Mumbai,25.3,1.2,8.6
2024-12-06,Delhi,17.6,0.0,6.2
2024-12-06,Dehradun,11.9,0.0,7.8
2024-12-06,Jodhpur,18.7,0.0,8.6
2024-12-07,Mumbai,25.9,0.0,7.4
2024-12-07,Delhi,12.5,0.0,10.3
2024-12-07,Dehradun,15.4,0.0,7.5
2024-12-07,Jodhpur,19.7,0.0,10.8
2024-12-08,Mumbai,23.1,0.0,11.7
2024-12-08,Delhi,16.2,0.0,8.0
2024-12-08,Dehradun,14.7,0.0,8.7
2024-12-08,Jodhpur,19.5,0.0,9.1
2024-12-09,Mumbai,25.8,0.0,6.3
2024-12-09,Delhi,18.3,0.0,7.9
2024-12-09,Dehradun,12.1,0.3,9.0
2024-12-09,Jodhpur,21.9,1.5,12.4
2024-12-10,Mumbai,23.7,0.3,9.9
2024-12-10,Delhi,17.4,0.0,11.6
2024-12-10,Dehradun,14.6,0.0,8.8
2024-12-10,Jodhpur,21.4,0.0,6.2
2024-12-11,Mumbai,21.0,0.1,12.2
2024-12-11,Delhi,15.1,0.0,9.6
2024-12-11,Dehradun,16.2,0.0,7.8
2024-12-11,Jodhpur,20.9,0.0,8.1
2024-12-12,Mumbai,24.2,0.0,6.7
2024-12-12,Delhi,17.2,0.0,6.8
2024-12-12,Dehradun,15.1,0.1,5.7
2024-12-12,Jodhpur,18.1,0.0,8.6
2024-12-13,Mumbai,24.8,0.0,8.9
2024-12-13,Delhi,17.0,0.6,7.9
2024-12-13,Dehradun,13.8,0.0,9.6
2024-12-13,Jodhpur,21.3,0.0,6.8
2024-12-14,Mumbai,24.1,1.4,12.0
2024-12-14,Delhi,17.1,0.0,8.6
2024-12-14,Dehradun,16.9,1.0,8.2
2024-12-14,Jodhpur,21.8,4.9,8.3
2024-12-15,Mumbai,23.0,0.0,11.1
2024-12-15,Delhi,18.1,0.0,7.5
2024-12-15,Dehradun,14.8,0.0,5.9
2024-12-15,Jodhpur,20.6,4.4,6.5
2024-12-16,Mumbai,27.4,0.0,9.5
2024-12-16,Delhi,15.3,0.0,8.5
2024-12-16,Dehradun,12.7,0.0,8.9
2024-12-16,Jodhpur,18.6,0.0,14.2
2024-12-17,Mumbai,25.6,0.0,7.3
2024-12-17,Delhi,17.9,0.0,8.2
2024-12-17,Dehradun,8.1,0.0,14.4
2024-12-17,Jodhpur,20.9,0.0,8.8
2024-12-18,Mumbai,21.9,0.0,8.8
2024-12-18,Delhi,18.2,0.0,6.4
2024-12-18,Dehradun,15.4,0.0,5.5
2024-12-18,Jodhpur,20.6,0.0,5.9
2024-12-19,Mumbai,24.6,1.0,7.4
2024-12-19,Delhi,18.5,2.3,15.0
2024-12-19,Dehradun,16.1,0.0,11.2
2024-12-19,Jodhpur,19.6,0.0,11.5
2024-12-20,Mumbai,25.2,0.0,12.3
2024-12-20,Delhi,15.6,0.0,6.1
2024-12-20,Dehradun,11.7,0.0,13.8
2024-12-20,Jodhpur,23.4,0.0,11.2
2024-12-21,Mumbai,21.9,0.0,11.3
2024-12-21,Delhi,15.1,0.0,5.2
2024-12-21,Dehradun,13.2,0.0,7.9
2024-12-21,Jodhpur,23.7,0.0,6.4
2024-12-22,Mumbai,29.0,0.0,8.8
2024-12-22,Delhi,17.3,0.0,8.1
2024-12-22,Dehradun,11.6,0.0,7.6
2024-12-22,Jodhpur,21.5,0.0,11.4
2024-12-23,Mumbai,25.0,0.0,7.2
2024-12-23,Delhi,13.6,0.4,7.7
2024-12-23,Dehradun,16.0,4.2,10.0
2024-12-23,Jodhpur,19.5,0.0,8.7
2024-12-24,Mumbai,26.0,0.0,7.5
2024-12-24,Delhi,14.6,0.7,5.2
2024-12-24,Dehradun,12.7,0.0,8.0
2024-12-24,Jodhpur,21.9,0.0,7.0
2024-12-25,Mumbai,26.5,0.0,8.1
2024-12-25,Delhi,18.5,0.0,12.1
2024-12-25,Dehradun,15.3,0.0,7.4
2024-12-25,Jodhpur,20.8,0.0,11.1
2024-12-26,Mumbai,19.0,0.0,7.7
2024-12-26,Delhi,17.5,0.0,9.2
2024-12-26,Dehradun,12.8,5.3,8.5
2024-12-26,Jodhpur,17.5,4.4,7.8
2024-12-27,Mumbai,26.8,0.0,12.9
2024-12-27,Delhi,17.3,0.7,8.0
2024-12-27,Dehradun,12.4,0.0,9.9
2024-12-27,Jodhpur,22.5,0.1,7.6
2024-12-28,Mumbai,25.7,0.0,7.3
2024-12-28,Delhi,15.4,0.0,8.2
2024-12-28,Dehradun,11.3,0.0,9.1
2024-12-28,Jodhpur,22.6,0.0,15.9
2024-12-29,Mumbai,23.5,3.0,10.8
2024-12-29,Delhi,16.0,0.0,10.5
2024-12-29,Dehradun,15.2,0.0,6.7
2024-12-29,Jodhpur,22.0,0.0,8.1
2024-12-30,Mumbai,21.8,0.0,7.2
2024-12-30,Delhi,16.4,0.0,14.6
2024-12-30,Dehradun,11.8,0.0,6.9
2024-12-30,Jodhpur,21.8,0.2,12.4
